"","X","workerID","precision","recall","fmeasure","num_annotations","dist","dist_cluster","num_workers","num_voters"
"10297",10297,1,0.916666666666667,0.396907216494845,0.553956834532374,84,0.008,0.007,1,1
"10298",10298,2,0.919354838709677,0.293814432989691,0.4453125,62,0.008,0.007,1,1
"10299",10299,3,0.833333333333333,0.489690721649485,0.616883116883117,114,0.008,0.007,1,1
"10300",10300,4,0.921052631578947,0.360824742268041,0.518518518518518,76,0.008,0.007,1,1
"10301",10301,5,0.931506849315068,0.350515463917526,0.50936329588015,73,0.008,0.007,1,1
"10302",10302,6,0.890243902439024,0.376288659793814,0.528985507246377,82,0.008,0.007,1,1
"10303",10303,7,0.85,0.438144329896907,0.578231292517007,100,0.008,0.007,1,1
"10304",10304,8,0.771428571428571,0.556701030927835,0.646706586826347,140,0.008,0.007,1,1
"10305",10305,9,0.856,0.551546391752577,0.670846394984326,125,0.008,0.007,1,1
"10306",10306,10,0.90566037735849,0.247422680412371,0.388663967611336,53,0.008,0.007,1,1
"10307",10307,11,0.759776536312849,0.701030927835051,0.729222520107239,179,0.008,0.007,1,1
"10308",10308,12,0.779661016949153,0.711340206185567,0.743935309973046,177,0.008,0.007,1,1
"10309",10309,13,0.814814814814815,0.56701030927835,0.668693009118541,135,0.008,0.007,1,1
"10310",10310,14,0.745341614906832,0.618556701030928,0.676056338028169,161,0.008,0.007,1,1
"10311",10311,15,0.809815950920245,0.680412371134021,0.739495798319328,163,0.008,0.007,1,1
"10312",10312,16,0.823529411764706,0.43298969072165,0.567567567567568,102,0.008,0.007,1,1
"10313",10313,17,0.808,0.520618556701031,0.633228840125392,125,0.008,0.007,1,1
"10314",10314,18,0.982456140350877,0.288659793814433,0.446215139442231,57,0.008,0.007,1,1
"10315",10315,19,0.80952380952381,0.438144329896907,0.568561872909699,105,0.008,0.007,1,1
"10316",10316,20,0.819444444444444,0.608247422680412,0.698224852071006,144,0.008,0.007,1,1
"10317",10317,21,0.884615384615385,0.474226804123711,0.61744966442953,104,0.008,0.007,1,1
"10318",10318,22,0.716417910447761,0.742268041237113,0.729113924050633,201,0.008,0.007,1,1
"10319",10319,23,0.866666666666667,0.268041237113402,0.409448818897638,60,0.008,0.007,1,1
"10320",10320,24,0.96103896103896,0.381443298969072,0.546125461254612,77,0.008,0.007,1,1
"10321",10321,25,0.827586206896552,0.494845360824742,0.619354838709677,116,0.008,0.007,1,1
"10322",10322,26,0.936842105263158,0.458762886597938,0.615916955017301,95,0.008,0.007,1,1
"10323",10323,27,0.8046875,0.530927835051546,0.639751552795031,128,0.008,0.007,1,1
"10324",10324,28,0.761111111111111,0.70618556701031,0.732620320855615,180,0.008,0.007,1,1
"10325",10325,29,0.92857142857143,0.402061855670103,0.56115107913669,84,0.008,0.007,1,1
"10326",10326,30,0.938144329896907,0.469072164948454,0.625429553264605,97,0.008,0.007,1,1
"10327",10327,31,0.872093023255814,0.38659793814433,0.535714285714286,86,0.008,0.007,1,1
"10328",10328,32,0.849056603773585,0.463917525773196,0.6,106,0.008,0.007,1,1
"10329",10329,33,0.775147928994083,0.675257731958763,0.721763085399449,169,0.008,0.007,1,1
"10330",10330,34,0.853846153846154,0.572164948453608,0.685185185185185,130,0.008,0.007,1,1
"10331",10331,35,0.907894736842105,0.355670103092784,0.511111111111111,76,0.008,0.007,1,1
"10332",10332,36,0.822085889570552,0.690721649484536,0.750700280112045,163,0.008,0.007,1,1
"10333",10333,37,0.773006134969325,0.649484536082474,0.705882352941177,163,0.008,0.007,1,1
"10334",10334,38,0.77906976744186,0.345360824742268,0.478571428571429,86,0.008,0.007,1,1
"10335",10335,39,0.887096774193548,0.56701030927835,0.691823899371069,124,0.008,0.007,1,1
"10336",10336,40,0.78735632183908,0.70618556701031,0.744565217391304,174,0.008,0.007,1,1
"10337",10337,41,0.870689655172414,0.520618556701031,0.651612903225806,116,0.008,0.007,1,1
"10338",10338,42,0.751937984496124,0.5,0.60061919504644,129,0.008,0.007,1,1
"10339",10339,43,0.747191011235955,0.685567010309278,0.71505376344086,178,0.008,0.007,1,1
"10340",10340,44,0.74404761904762,0.644329896907217,0.69060773480663,168,0.008,0.007,1,1
"10341",10341,45,0.729411764705882,0.639175257731959,0.681318681318681,170,0.008,0.007,1,1
"10342",10342,46,0.88392857142857,0.510309278350515,0.647058823529412,112,0.008,0.007,1,1
"10343",10343,47,0.78448275862069,0.469072164948454,0.587096774193548,116,0.008,0.007,1,1
"10344",10344,48,0.833333333333333,0.618556701030928,0.710059171597633,144,0.008,0.007,1,1
"5197",5197,1,0.763975155279503,0.634020618556701,0.692957746478873,161,0.008,0.005,2,1
"5198",5198,2,0.791411042944785,0.664948453608247,0.722689075630252,163,0.008,0.005,2,1
"5199",5199,3,0.76271186440678,0.695876288659794,0.727762803234501,177,0.008,0.005,2,1
"5200",5200,4,0.734806629834254,0.685567010309278,0.709333333333333,181,0.008,0.005,2,1
"5201",5201,5,0.706806282722513,0.695876288659794,0.701298701298701,191,0.008,0.005,2,1
"5202",5202,6,0.878787878787879,0.448453608247423,0.593856655290102,99,0.008,0.005,2,1
"5203",5203,7,0.770053475935829,0.742268041237113,0.755905511811024,187,0.008,0.005,2,1
"5204",5204,8,0.743589743589744,0.747422680412371,0.745501285347044,195,0.008,0.005,2,1
"5205",5205,9,0.740331491712707,0.690721649484536,0.714666666666667,181,0.008,0.005,2,1
"5206",5206,10,0.735135135135135,0.701030927835051,0.717678100263852,185,0.008,0.005,2,1
"5207",5207,11,0.741758241758242,0.695876288659794,0.718085106382979,182,0.008,0.005,2,1
"5208",5208,12,0.755434782608696,0.716494845360825,0.735449735449735,184,0.008,0.005,2,1
"5209",5209,13,0.760479041916168,0.654639175257732,0.703601108033241,167,0.008,0.005,2,1
"5210",5210,14,0.857142857142857,0.494845360824742,0.627450980392157,112,0.008,0.005,2,1
"5211",5211,15,0.84375,0.556701030927835,0.670807453416149,128,0.008,0.005,2,1
"5212",5212,16,0.76536312849162,0.70618556701031,0.734584450402145,179,0.008,0.005,2,1
"5213",5213,17,0.702020202020202,0.716494845360825,0.709183673469388,198,0.008,0.005,2,1
"5214",5214,18,0.78395061728395,0.654639175257732,0.713483146067416,162,0.008,0.005,2,1
"5215",5215,19,0.758389261744966,0.582474226804124,0.658892128279883,149,0.008,0.005,2,1
"5216",5216,20,0.721649484536082,0.721649484536082,0.721649484536083,194,0.008,0.005,2,1
"5217",5217,21,0.877862595419847,0.592783505154639,0.707692307692308,131,0.008,0.005,2,1
"5218",5218,22,0.758389261744966,0.582474226804124,0.658892128279883,149,0.008,0.005,2,1
"5219",5219,23,0.724489795918367,0.731958762886598,0.728205128205128,196,0.008,0.005,2,1
"5220",5220,24,0.872727272727273,0.494845360824742,0.631578947368421,110,0.008,0.005,2,1
"5221",5221,25,0.743169398907104,0.701030927835051,0.721485411140583,183,0.008,0.005,2,1
"5222",5222,26,0.734375,0.72680412371134,0.730569948186528,192,0.008,0.005,2,1
"5223",5223,27,0.78395061728395,0.654639175257732,0.713483146067416,162,0.008,0.005,2,1
"5224",5224,28,0.82142857142857,0.711340206185567,0.76243093922652,168,0.008,0.005,2,1
"5225",5225,29,0.787709497206704,0.72680412371134,0.75603217158177,179,0.008,0.005,2,1
"5226",5226,30,0.723809523809524,0.783505154639175,0.752475247524752,210,0.008,0.005,2,1
"5227",5227,31,0.693877551020408,0.701030927835051,0.697435897435897,196,0.008,0.005,2,1
"5228",5228,32,0.734806629834254,0.685567010309278,0.709333333333333,181,0.008,0.005,2,1
"5229",5229,33,0.8,0.556701030927835,0.656534954407295,135,0.008,0.005,2,1
"5230",5230,34,0.776315789473684,0.608247422680412,0.682080924855491,152,0.008,0.005,2,1
"5231",5231,35,0.712871287128713,0.742268041237113,0.727272727272727,202,0.008,0.005,2,1
"5232",5232,36,0.75438596491228,0.664948453608247,0.706849315068493,171,0.008,0.005,2,1
"5233",5233,37,0.674528301886792,0.737113402061856,0.704433497536946,212,0.008,0.005,2,1
"5234",5234,38,0.739130434782609,0.525773195876289,0.614457831325301,138,0.008,0.005,2,1
"5235",5235,39,0.831168831168831,0.65979381443299,0.735632183908046,154,0.008,0.005,2,1
"5236",5236,40,0.773255813953488,0.685567010309278,0.726775956284153,172,0.008,0.005,2,1
"5237",5237,41,0.705583756345178,0.716494845360825,0.710997442455243,197,0.008,0.005,2,1
"5238",5238,42,0.767295597484277,0.628865979381443,0.691218130311615,159,0.008,0.005,2,1
"5239",5239,43,0.662037037037037,0.737113402061856,0.697560975609756,216,0.008,0.005,2,1
"5240",5240,44,0.65296803652968,0.737113402061856,0.692493946731235,219,0.008,0.005,2,1
"5241",5241,45,0.745222929936306,0.603092783505155,0.666666666666667,157,0.008,0.005,2,1
"5242",5242,46,0.703703703703704,0.685567010309278,0.694516971279373,189,0.008,0.005,2,1
"5243",5243,47,0.915254237288136,0.556701030927835,0.692307692307692,118,0.008,0.005,2,1
"5244",5244,48,0.829931972789116,0.628865979381443,0.715542521994135,147,0.008,0.005,2,1
"5245",5245,49,0.825503355704698,0.634020618556701,0.717201166180758,149,0.008,0.005,2,1
"5246",5246,50,0.745664739884393,0.664948453608247,0.70299727520436,173,0.008,0.005,2,1
"5247",5247,51,0.702564102564103,0.70618556701031,0.704370179948586,195,0.008,0.005,2,1
"5248",5248,52,0.804469273743017,0.742268041237113,0.772117962466488,179,0.008,0.005,2,1
"5249",5249,53,0.782857142857143,0.70618556701031,0.742547425474255,175,0.008,0.005,2,1
"5250",5250,54,0.67027027027027,0.639175257731959,0.654353562005277,185,0.008,0.005,2,1
"5251",5251,55,0.788732394366197,0.577319587628866,0.666666666666667,142,0.008,0.005,2,1
"5252",5252,56,0.856060606060606,0.582474226804124,0.693251533742331,132,0.008,0.005,2,1
"5253",5253,57,0.710227272727273,0.644329896907217,0.675675675675676,176,0.008,0.005,2,1
"5254",5254,58,0.728,0.469072164948454,0.570532915360502,125,0.008,0.005,2,1
"5255",5255,59,0.914285714285714,0.494845360824742,0.642140468227425,105,0.008,0.005,2,1
"5256",5256,60,0.701030927835051,0.701030927835051,0.701030927835051,194,0.008,0.005,2,1
"5257",5257,61,0.75,0.680412371134021,0.713513513513513,176,0.008,0.005,2,1
"5258",5258,62,0.796052631578947,0.623711340206186,0.699421965317919,152,0.008,0.005,2,1
"5259",5259,63,0.77536231884058,0.551546391752577,0.644578313253012,138,0.008,0.005,2,1
"5260",5260,64,0.78857142857143,0.711340206185567,0.747967479674797,175,0.008,0.005,2,1
"5261",5261,65,0.747368421052632,0.731958762886598,0.739583333333333,190,0.008,0.005,2,1
"5262",5262,66,0.755813953488372,0.670103092783505,0.710382513661202,172,0.008,0.005,2,1
"5263",5263,67,0.809248554913295,0.721649484536082,0.762942779291553,173,0.008,0.005,2,1
"5264",5264,68,0.685185185185185,0.762886597938144,0.721951219512195,216,0.008,0.005,2,1
"5265",5265,69,0.9,0.463917525773196,0.612244897959184,100,0.008,0.005,2,1
"5266",5266,70,0.67,0.690721649484536,0.680203045685279,200,0.008,0.005,2,1
"5267",5267,71,0.804054054054054,0.61340206185567,0.695906432748538,148,0.008,0.005,2,1
"5268",5268,72,0.833333333333333,0.38659793814433,0.528169014084507,90,0.008,0.005,2,1
"5269",5269,73,0.768211920529801,0.597938144329897,0.672463768115942,151,0.008,0.005,2,1
"5270",5270,74,0.761904761904762,0.742268041237113,0.751958224543081,189,0.008,0.005,2,1
"5271",5271,75,0.766467065868264,0.65979381443299,0.709141274238227,167,0.008,0.005,2,1
"5272",5272,76,0.793296089385475,0.731958762886598,0.761394101876676,179,0.008,0.005,2,1
"5273",5273,77,0.700507614213198,0.711340206185567,0.705882352941176,197,0.008,0.005,2,1
"5274",5274,78,0.734463276836158,0.670103092783505,0.700808625336927,177,0.008,0.005,2,1
"5275",5275,79,0.735,0.757731958762887,0.746192893401015,200,0.008,0.005,2,1
"5276",5276,80,0.693023255813954,0.768041237113402,0.728606356968215,215,0.008,0.005,2,1
"5277",5277,81,0.713513513513514,0.680412371134021,0.696569920844327,185,0.008,0.005,2,1
"5278",5278,82,0.791946308724832,0.608247422680412,0.68804664723032,149,0.008,0.005,2,1
"5279",5279,83,0.83453237410072,0.597938144329897,0.696696696696697,139,0.008,0.005,2,1
"5280",5280,84,0.724324324324324,0.690721649484536,0.70712401055409,185,0.008,0.005,2,1
"5281",5281,85,0.790322580645161,0.505154639175258,0.616352201257862,124,0.008,0.005,2,1
"5282",5282,86,0.818181818181818,0.417525773195876,0.552901023890785,99,0.008,0.005,2,1
"5283",5283,87,0.751552795031056,0.623711340206186,0.68169014084507,161,0.008,0.005,2,1
"5284",5284,88,0.774193548387097,0.742268041237113,0.757894736842105,186,0.008,0.005,2,1
"5285",5285,89,0.806818181818182,0.731958762886598,0.767567567567567,176,0.008,0.005,2,1
"5286",5286,90,0.768817204301075,0.737113402061856,0.752631578947368,186,0.008,0.005,2,1
"5287",5287,91,0.745341614906832,0.618556701030928,0.676056338028169,161,0.008,0.005,2,1
"5288",5288,92,0.75,0.72680412371134,0.738219895287958,188,0.008,0.005,2,1
"5289",5289,93,0.767045454545455,0.695876288659794,0.72972972972973,176,0.008,0.005,2,1
"5290",5290,94,0.697435897435897,0.701030927835051,0.699228791773779,195,0.008,0.005,2,1
"5291",5291,95,0.752688172043011,0.721649484536082,0.736842105263158,186,0.008,0.005,2,1
"5292",5292,96,0.769230769230769,0.670103092783505,0.71625344352617,169,0.008,0.005,2,1
"5293",5293,97,0.745762711864407,0.680412371134021,0.711590296495957,177,0.008,0.005,2,1
"5294",5294,98,0.718085106382979,0.695876288659794,0.706806282722513,188,0.008,0.005,2,1
"5295",5295,99,0.702020202020202,0.716494845360825,0.709183673469388,198,0.008,0.005,2,1
"5296",5296,100,0.821917808219178,0.618556701030928,0.705882352941176,146,0.008,0.005,2,1
"5397",5397,1,0.751381215469613,0.701030927835051,0.725333333333333,181,0.008,0.005,3,1
"5398",5398,2,0.73936170212766,0.716494845360825,0.727748691099476,188,0.008,0.005,3,1
"5399",5399,3,0.717277486910995,0.70618556701031,0.711688311688312,191,0.008,0.005,3,1
"5400",5400,4,0.759562841530055,0.716494845360825,0.737400530503979,183,0.008,0.005,3,1
"5401",5401,5,0.735849056603774,0.603092783505155,0.662889518413598,159,0.008,0.005,3,1
"5402",5402,6,0.705882352941177,0.680412371134021,0.692913385826772,187,0.008,0.005,3,1
"5403",5403,7,0.672645739910314,0.77319587628866,0.719424460431655,223,0.008,0.005,3,1
"5404",5404,8,0.646551724137931,0.77319587628866,0.704225352112676,232,0.008,0.005,3,1
"5405",5405,9,0.745454545454545,0.634020618556701,0.685236768802228,165,0.008,0.005,3,1
"5406",5406,10,0.712707182320442,0.664948453608247,0.688,181,0.008,0.005,3,1
"5407",5407,11,0.761363636363636,0.690721649484536,0.724324324324324,176,0.008,0.005,3,1
"5408",5408,12,0.65566037735849,0.716494845360825,0.684729064039409,212,0.008,0.005,3,1
"5409",5409,13,0.809248554913295,0.721649484536082,0.762942779291553,173,0.008,0.005,3,1
"5410",5410,14,0.731843575418994,0.675257731958763,0.702412868632708,179,0.008,0.005,3,1
"5411",5411,15,0.692307692307692,0.742268041237113,0.716417910447761,208,0.008,0.005,3,1
"5412",5412,16,0.823076923076923,0.551546391752577,0.660493827160494,130,0.008,0.005,3,1
"5413",5413,17,0.705202312138728,0.628865979381443,0.664850136239782,173,0.008,0.005,3,1
"5414",5414,18,0.811688311688312,0.644329896907217,0.718390804597701,154,0.008,0.005,3,1
"5415",5415,19,0.784090909090909,0.711340206185567,0.745945945945946,176,0.008,0.005,3,1
"5416",5416,20,0.767195767195767,0.747422680412371,0.757180156657963,189,0.008,0.005,3,1
"5417",5417,21,0.696969696969697,0.592783505154639,0.64066852367688,165,0.008,0.005,3,1
"5418",5418,22,0.785714285714286,0.623711340206186,0.695402298850575,154,0.008,0.005,3,1
"5419",5419,23,0.694444444444444,0.77319587628866,0.73170731707317,216,0.008,0.005,3,1
"5420",5420,24,0.759562841530055,0.716494845360825,0.737400530503979,183,0.008,0.005,3,1
"5421",5421,25,0.755681818181818,0.685567010309278,0.718918918918919,176,0.008,0.005,3,1
"5422",5422,26,0.770700636942675,0.623711340206186,0.68945868945869,157,0.008,0.005,3,1
"5423",5423,27,0.720430107526882,0.690721649484536,0.705263157894737,186,0.008,0.005,3,1
"5424",5424,28,0.813953488372093,0.541237113402062,0.65015479876161,129,0.008,0.005,3,1
"5425",5425,29,0.661538461538462,0.664948453608247,0.663239074550129,195,0.008,0.005,3,1
"5426",5426,30,0.666666666666667,0.752577319587629,0.707021791767555,219,0.008,0.005,3,1
"5427",5427,31,0.756476683937824,0.752577319587629,0.75452196382429,193,0.008,0.005,3,1
"5428",5428,32,0.71356783919598,0.731958762886598,0.72264631043257,199,0.008,0.005,3,1
"5429",5429,33,0.744565217391304,0.70618556701031,0.724867724867725,184,0.008,0.005,3,1
"5430",5430,34,0.756345177664975,0.768041237113402,0.762148337595908,197,0.008,0.005,3,1
"5431",5431,35,0.685,0.70618556701031,0.695431472081218,200,0.008,0.005,3,1
"5432",5432,36,0.770491803278688,0.72680412371134,0.748010610079576,183,0.008,0.005,3,1
"5433",5433,37,0.689320388349515,0.731958762886598,0.71,206,0.008,0.005,3,1
"5434",5434,38,0.706976744186047,0.783505154639175,0.743276283618582,215,0.008,0.005,3,1
"5435",5435,39,0.711340206185567,0.711340206185567,0.711340206185567,194,0.008,0.005,3,1
"5436",5436,40,0.63953488372093,0.56701030927835,0.601092896174863,172,0.008,0.005,3,1
"5437",5437,41,0.753012048192771,0.644329896907217,0.694444444444445,166,0.008,0.005,3,1
"5438",5438,42,0.729166666666667,0.721649484536082,0.72538860103627,192,0.008,0.005,3,1
"5439",5439,43,0.8,0.618556701030928,0.697674418604651,150,0.008,0.005,3,1
"5440",5440,44,0.75,0.649484536082474,0.696132596685083,168,0.008,0.005,3,1
"5441",5441,45,0.751592356687898,0.608247422680412,0.672364672364672,157,0.008,0.005,3,1
"5442",5442,46,0.717277486910995,0.70618556701031,0.711688311688312,191,0.008,0.005,3,1
"5443",5443,47,0.70618556701031,0.70618556701031,0.70618556701031,194,0.008,0.005,3,1
"5444",5444,48,0.810810810810811,0.618556701030928,0.701754385964912,148,0.008,0.005,3,1
"5445",5445,49,0.766467065868264,0.65979381443299,0.709141274238227,167,0.008,0.005,3,1
"5446",5446,50,0.694736842105263,0.680412371134021,0.6875,190,0.008,0.005,3,1
"5447",5447,51,0.726744186046512,0.644329896907217,0.683060109289618,172,0.008,0.005,3,1
"5448",5448,52,0.752873563218391,0.675257731958763,0.71195652173913,174,0.008,0.005,3,1
"5449",5449,53,0.762820512820513,0.61340206185567,0.68,156,0.008,0.005,3,1
"5450",5450,54,0.70754716981132,0.77319587628866,0.738916256157635,212,0.008,0.005,3,1
"5451",5451,55,0.783625730994152,0.690721649484536,0.734246575342466,171,0.008,0.005,3,1
"5452",5452,56,0.724137931034483,0.757731958762887,0.740554156171285,203,0.008,0.005,3,1
"5453",5453,57,0.71505376344086,0.685567010309278,0.7,186,0.008,0.005,3,1
"5454",5454,58,0.736040609137056,0.747422680412371,0.741687979539642,197,0.008,0.005,3,1
"5455",5455,59,0.789772727272727,0.716494845360825,0.75135135135135,176,0.008,0.005,3,1
"5456",5456,60,0.747252747252747,0.701030927835051,0.723404255319149,182,0.008,0.005,3,1
"5457",5457,61,0.760869565217391,0.721649484536082,0.740740740740741,184,0.008,0.005,3,1
"5458",5458,62,0.7,0.685567010309278,0.692708333333333,190,0.008,0.005,3,1
"5459",5459,63,0.712041884816754,0.701030927835051,0.706493506493506,191,0.008,0.005,3,1
"5460",5460,64,0.707070707070707,0.721649484536082,0.714285714285714,198,0.008,0.005,3,1
"5461",5461,65,0.780487804878049,0.65979381443299,0.715083798882681,164,0.008,0.005,3,1
"5462",5462,66,0.687179487179487,0.690721649484536,0.688946015424164,195,0.008,0.005,3,1
"5463",5463,67,0.676923076923077,0.680412371134021,0.67866323907455,195,0.008,0.005,3,1
"5464",5464,68,0.73939393939394,0.628865979381443,0.67966573816156,165,0.008,0.005,3,1
"5465",5465,69,0.785276073619632,0.65979381443299,0.717086834733894,163,0.008,0.005,3,1
"5466",5466,70,0.757575757575758,0.644329896907217,0.696378830083565,165,0.008,0.005,3,1
"5467",5467,71,0.811688311688312,0.644329896907217,0.718390804597701,154,0.008,0.005,3,1
"5468",5468,72,0.747191011235955,0.685567010309278,0.71505376344086,178,0.008,0.005,3,1
"5469",5469,73,0.752577319587629,0.752577319587629,0.752577319587629,194,0.008,0.005,3,1
"5470",5470,74,0.74585635359116,0.695876288659794,0.72,181,0.008,0.005,3,1
"5471",5471,75,0.710659898477157,0.721649484536082,0.71611253196931,197,0.008,0.005,3,1
"5472",5472,76,0.671497584541063,0.716494845360825,0.693266832917706,207,0.008,0.005,3,1
"5473",5473,77,0.825301204819277,0.70618556701031,0.761111111111111,166,0.008,0.005,3,1
"5474",5474,78,0.770588235294118,0.675257731958763,0.71978021978022,170,0.008,0.005,3,1
"5475",5475,79,0.723958333333333,0.716494845360825,0.72020725388601,192,0.008,0.005,3,1
"5476",5476,80,0.755813953488372,0.670103092783505,0.710382513661202,172,0.008,0.005,3,1
"5477",5477,81,0.709183673469388,0.716494845360825,0.712820512820513,196,0.008,0.005,3,1
"5478",5478,82,0.718918918918919,0.685567010309278,0.701846965699208,185,0.008,0.005,3,1
"5479",5479,83,0.824817518248175,0.582474226804124,0.682779456193354,137,0.008,0.005,3,1
"5480",5480,84,0.77124183006536,0.608247422680412,0.680115273775216,153,0.008,0.005,3,1
"5481",5481,85,0.813333333333333,0.628865979381443,0.709302325581395,150,0.008,0.005,3,1
"5482",5482,86,0.759162303664921,0.747422680412371,0.753246753246753,191,0.008,0.005,3,1
"5483",5483,87,0.676056338028169,0.742268041237113,0.707616707616708,213,0.008,0.005,3,1
"5484",5484,88,0.666666666666667,0.731958762886598,0.697788697788698,213,0.008,0.005,3,1
"5485",5485,89,0.880952380952381,0.572164948453608,0.69375,126,0.008,0.005,3,1
"5486",5486,90,0.686274509803922,0.721649484536082,0.703517587939699,204,0.008,0.005,3,1
"5487",5487,91,0.801242236024845,0.664948453608247,0.726760563380282,161,0.008,0.005,3,1
"5488",5488,92,0.72680412371134,0.72680412371134,0.72680412371134,194,0.008,0.005,3,1
"5489",5489,93,0.796296296296296,0.664948453608247,0.724719101123596,162,0.008,0.005,3,1
"5490",5490,94,0.66,0.680412371134021,0.67005076142132,200,0.008,0.005,3,1
"5491",5491,95,0.805369127516778,0.618556701030928,0.699708454810496,149,0.008,0.005,3,1
"5492",5492,96,0.805970149253731,0.556701030927835,0.658536585365854,134,0.008,0.005,3,1
"5493",5493,97,0.669683257918552,0.762886597938144,0.713253012048193,221,0.008,0.005,3,1
"5494",5494,98,0.710659898477157,0.721649484536082,0.71611253196931,197,0.008,0.005,3,1
"5495",5495,99,0.700980392156863,0.737113402061856,0.718592964824121,204,0.008,0.005,3,1
"5496",5496,100,0.72636815920398,0.752577319587629,0.739240506329114,201,0.008,0.005,3,1
"5697",5697,1,0.715083798882682,0.65979381443299,0.686327077747989,179,0.008,0.005,4,1
"5698",5698,2,0.72,0.742268041237113,0.730964467005076,200,0.008,0.005,4,1
"5699",5699,3,0.771084337349398,0.65979381443299,0.711111111111111,166,0.008,0.005,4,1
"5700",5700,4,0.696969696969697,0.711340206185567,0.704081632653061,198,0.008,0.005,4,1
"5701",5701,5,0.692307692307692,0.742268041237113,0.716417910447761,208,0.008,0.005,4,1
"5702",5702,6,0.705521472392638,0.592783505154639,0.644257703081233,163,0.008,0.005,4,1
"5703",5703,7,0.707317073170732,0.747422680412371,0.726817042606516,205,0.008,0.005,4,1
"5704",5704,8,0.805882352941176,0.70618556701031,0.752747252747253,170,0.008,0.005,4,1
"5705",5705,9,0.709844559585492,0.70618556701031,0.708010335917313,193,0.008,0.005,4,1
"5706",5706,10,0.744186046511628,0.65979381443299,0.699453551912568,172,0.008,0.005,4,1
"5707",5707,11,0.74375,0.61340206185567,0.672316384180791,160,0.008,0.005,4,1
"5708",5708,12,0.711340206185567,0.711340206185567,0.711340206185567,194,0.008,0.005,4,1
"5709",5709,13,0.730964467005076,0.742268041237113,0.736572890025575,197,0.008,0.005,4,1
"5710",5710,14,0.665,0.685567010309278,0.6751269035533,200,0.008,0.005,4,1
"5711",5711,15,0.704081632653061,0.711340206185567,0.707692307692308,196,0.008,0.005,4,1
"5712",5712,16,0.735,0.757731958762887,0.746192893401015,200,0.008,0.005,4,1
"5713",5713,17,0.744186046511628,0.65979381443299,0.699453551912568,172,0.008,0.005,4,1
"5714",5714,18,0.721951219512195,0.762886597938144,0.74185463659148,205,0.008,0.005,4,1
"5715",5715,19,0.730994152046784,0.644329896907217,0.684931506849315,171,0.008,0.005,4,1
"5716",5716,20,0.688073394495413,0.77319587628866,0.728155339805825,218,0.008,0.005,4,1
"5717",5717,21,0.638766519823789,0.747422680412371,0.688836104513064,227,0.008,0.005,4,1
"5718",5718,22,0.685990338164251,0.731958762886598,0.708229426433915,207,0.008,0.005,4,1
"5719",5719,23,0.699029126213592,0.742268041237113,0.72,206,0.008,0.005,4,1
"5720",5720,24,0.701219512195122,0.592783505154639,0.642458100558659,164,0.008,0.005,4,1
"5721",5721,25,0.726256983240223,0.670103092783505,0.697050938337802,179,0.008,0.005,4,1
"5722",5722,26,0.676767676767677,0.690721649484536,0.683673469387755,198,0.008,0.005,4,1
"5723",5723,27,0.633484162895928,0.721649484536082,0.674698795180723,221,0.008,0.005,4,1
"5724",5724,28,0.789156626506024,0.675257731958763,0.727777777777778,166,0.008,0.005,4,1
"5725",5725,29,0.822368421052632,0.644329896907217,0.722543352601156,152,0.008,0.005,4,1
"5726",5726,30,0.666666666666667,0.701030927835051,0.683417085427136,204,0.008,0.005,4,1
"5727",5727,31,0.741758241758242,0.695876288659794,0.718085106382979,182,0.008,0.005,4,1
"5728",5728,32,0.73134328358209,0.757731958762887,0.744303797468354,201,0.008,0.005,4,1
"5729",5729,33,0.69811320754717,0.762886597938144,0.729064039408867,212,0.008,0.005,4,1
"5730",5730,34,0.673684210526316,0.65979381443299,0.666666666666667,190,0.008,0.005,4,1
"5731",5731,35,0.763636363636364,0.649484536082474,0.701949860724234,165,0.008,0.005,4,1
"5732",5732,36,0.722772277227723,0.752577319587629,0.737373737373737,202,0.008,0.005,4,1
"5733",5733,37,0.786206896551724,0.587628865979381,0.672566371681416,145,0.008,0.005,4,1
"5734",5734,38,0.746835443037975,0.608247422680412,0.670454545454545,158,0.008,0.005,4,1
"5735",5735,39,0.718085106382979,0.695876288659794,0.706806282722513,188,0.008,0.005,4,1
"5736",5736,40,0.681159420289855,0.72680412371134,0.703241895261845,207,0.008,0.005,4,1
"5737",5737,41,0.698019801980198,0.72680412371134,0.712121212121212,202,0.008,0.005,4,1
"5738",5738,42,0.735449735449735,0.716494845360825,0.725848563968668,189,0.008,0.005,4,1
"5739",5739,43,0.72192513368984,0.695876288659794,0.708661417322835,187,0.008,0.005,4,1
"5740",5740,44,0.669950738916256,0.701030927835051,0.685138539042821,203,0.008,0.005,4,1
"5741",5741,45,0.792134831460674,0.72680412371134,0.758064516129032,178,0.008,0.005,4,1
"5742",5742,46,0.721951219512195,0.762886597938144,0.74185463659148,205,0.008,0.005,4,1
"5743",5743,47,0.70618556701031,0.70618556701031,0.70618556701031,194,0.008,0.005,4,1
"5744",5744,48,0.715025906735751,0.711340206185567,0.713178294573643,193,0.008,0.005,4,1
"5745",5745,49,0.75,0.695876288659794,0.72192513368984,180,0.008,0.005,4,1
"5746",5746,50,0.683720930232558,0.757731958762887,0.71882640586797,215,0.008,0.005,4,1
"5747",5747,51,0.739583333333333,0.731958762886598,0.735751295336788,192,0.008,0.005,4,1
"5748",5748,52,0.854014598540146,0.603092783505155,0.706948640483384,137,0.008,0.005,4,1
"5749",5749,53,0.784615384615385,0.525773195876289,0.62962962962963,130,0.008,0.005,4,1
"5750",5750,54,0.73936170212766,0.716494845360825,0.727748691099476,188,0.008,0.005,4,1
"5751",5751,55,0.797385620915033,0.628865979381443,0.703170028818444,153,0.008,0.005,4,1
"5752",5752,56,0.642857142857143,0.742268041237113,0.688995215311005,224,0.008,0.005,4,1
"5753",5753,57,0.728571428571429,0.788659793814433,0.757425742574257,210,0.008,0.005,4,1
"5754",5754,58,0.74390243902439,0.628865979381443,0.681564245810056,164,0.008,0.005,4,1
"5755",5755,59,0.728971962616822,0.804123711340206,0.764705882352941,214,0.008,0.005,4,1
"5756",5756,60,0.692307692307692,0.649484536082474,0.670212765957447,182,0.008,0.005,4,1
"5757",5757,61,0.74331550802139,0.716494845360825,0.729658792650919,187,0.008,0.005,4,1
"5758",5758,62,0.767955801104972,0.716494845360825,0.741333333333333,181,0.008,0.005,4,1
"5759",5759,63,0.721311475409836,0.680412371134021,0.70026525198939,183,0.008,0.005,4,1
"5760",5760,64,0.681818181818182,0.695876288659794,0.688775510204082,198,0.008,0.005,4,1
"5761",5761,65,0.650224215246637,0.747422680412371,0.695443645083933,223,0.008,0.005,4,1
"5762",5762,66,0.703349282296651,0.757731958762887,0.729528535980149,209,0.008,0.005,4,1
"5763",5763,67,0.701086956521739,0.664948453608247,0.682539682539683,184,0.008,0.005,4,1
"5764",5764,68,0.75438596491228,0.664948453608247,0.706849315068493,171,0.008,0.005,4,1
"5765",5765,69,0.730337078651685,0.670103092783505,0.698924731182796,178,0.008,0.005,4,1
"5766",5766,70,0.642857142857143,0.742268041237113,0.688995215311005,224,0.008,0.005,4,1
"5767",5767,71,0.680952380952381,0.737113402061856,0.707920792079208,210,0.008,0.005,4,1
"5768",5768,72,0.756613756613757,0.737113402061856,0.746736292428198,189,0.008,0.005,4,1
"5769",5769,73,0.716417910447761,0.742268041237113,0.729113924050633,201,0.008,0.005,4,1
"5770",5770,74,0.744444444444444,0.690721649484536,0.716577540106952,180,0.008,0.005,4,1
"5771",5771,75,0.611872146118721,0.690721649484536,0.648910411622276,219,0.008,0.005,4,1
"5772",5772,76,0.677272727272727,0.768041237113402,0.719806763285024,220,0.008,0.005,4,1
"5773",5773,77,0.715025906735751,0.711340206185567,0.713178294573643,193,0.008,0.005,4,1
"5774",5774,78,0.649289099526066,0.70618556701031,0.676543209876543,211,0.008,0.005,4,1
"5775",5775,79,0.678217821782178,0.70618556701031,0.691919191919192,202,0.008,0.005,4,1
"5776",5776,80,0.724324324324324,0.690721649484536,0.70712401055409,185,0.008,0.005,4,1
"5777",5777,81,0.745945945945946,0.711340206185567,0.728232189973615,185,0.008,0.005,4,1
"5778",5778,82,0.682608695652174,0.809278350515464,0.740566037735849,230,0.008,0.005,4,1
"5779",5779,83,0.666666666666667,0.721649484536082,0.693069306930693,210,0.008,0.005,4,1
"5780",5780,84,0.74585635359116,0.695876288659794,0.72,181,0.008,0.005,4,1
"5781",5781,85,0.66183574879227,0.70618556701031,0.683291770573566,207,0.008,0.005,4,1
"5782",5782,86,0.772486772486772,0.752577319587629,0.762402088772846,189,0.008,0.005,4,1
"5783",5783,87,0.755681818181818,0.685567010309278,0.718918918918919,176,0.008,0.005,4,1
"5784",5784,88,0.748538011695906,0.65979381443299,0.701369863013699,171,0.008,0.005,4,1
"5785",5785,89,0.79746835443038,0.649484536082474,0.715909090909091,158,0.008,0.005,4,1
"5786",5786,90,0.68348623853211,0.768041237113402,0.723300970873786,218,0.008,0.005,4,1
"5787",5787,91,0.699481865284974,0.695876288659794,0.697674418604651,193,0.008,0.005,4,1
"5788",5788,92,0.644549763033175,0.701030927835051,0.671604938271605,211,0.008,0.005,4,1
"5789",5789,93,0.71604938271605,0.597938144329897,0.651685393258427,162,0.008,0.005,4,1
"5790",5790,94,0.789156626506024,0.675257731958763,0.727777777777778,166,0.008,0.005,4,1
"5791",5791,95,0.729166666666667,0.721649484536082,0.72538860103627,192,0.008,0.005,4,1
"5792",5792,96,0.699453551912568,0.65979381443299,0.679045092838196,183,0.008,0.005,4,1
"5793",5793,97,0.691943127962085,0.752577319587629,0.720987654320988,211,0.008,0.005,4,1
"5794",5794,98,0.696517412935323,0.721649484536082,0.708860759493671,201,0.008,0.005,4,1
"5795",5795,99,0.703703703703704,0.783505154639175,0.741463414634146,216,0.008,0.005,4,1
"5796",5796,100,0.656521739130435,0.778350515463918,0.712264150943396,230,0.008,0.005,4,1
"1049",1049,1,0.789808917197452,0.639175257731959,0.706552706552707,157,0.008,0.003,6,2
"1050",1050,2,0.792682926829268,0.670103092783505,0.726256983240223,164,0.008,0.003,6,2
"1051",1051,3,0.768817204301075,0.737113402061856,0.752631578947368,186,0.008,0.003,6,2
"1052",1052,4,0.810650887573965,0.70618556701031,0.754820936639118,169,0.008,0.003,6,2
"1053",1053,5,0.81060606060606,0.551546391752577,0.656441717791411,132,0.008,0.003,6,2
"1054",1054,6,0.842105263157895,0.577319587628866,0.685015290519878,133,0.008,0.003,6,2
"1055",1055,7,0.785310734463277,0.716494845360825,0.74932614555256,177,0.008,0.003,6,2
"1056",1056,8,0.808641975308642,0.675257731958763,0.735955056179775,162,0.008,0.003,6,2
"1057",1057,9,0.747252747252747,0.701030927835051,0.723404255319149,182,0.008,0.003,6,2
"1058",1058,10,0.828947368421053,0.649484536082474,0.728323699421965,152,0.008,0.003,6,2
"1059",1059,11,0.827338129496403,0.592783505154639,0.690690690690691,139,0.008,0.003,6,2
"1060",1060,12,0.752747252747253,0.70618556701031,0.728723404255319,182,0.008,0.003,6,2
"1061",1061,13,0.81578947368421,0.639175257731959,0.716763005780347,152,0.008,0.003,6,2
"1062",1062,14,0.866666666666667,0.536082474226804,0.662420382165605,120,0.008,0.003,6,2
"1063",1063,15,0.808383233532934,0.695876288659794,0.74792243767313,167,0.008,0.003,6,2
"1064",1064,16,0.838235294117647,0.587628865979381,0.690909090909091,136,0.008,0.003,6,2
"1065",1065,17,0.827067669172932,0.56701030927835,0.672782874617737,133,0.008,0.003,6,2
"1066",1066,18,0.814102564102564,0.654639175257732,0.725714285714286,156,0.008,0.003,6,2
"1067",1067,19,0.766304347826087,0.72680412371134,0.746031746031746,184,0.008,0.003,6,2
"1068",1068,20,0.834586466165414,0.572164948453608,0.678899082568807,133,0.008,0.003,6,2
"1069",1069,21,0.732954545454545,0.664948453608247,0.697297297297297,176,0.008,0.003,6,2
"1070",1070,22,0.766304347826087,0.72680412371134,0.746031746031746,184,0.008,0.003,6,2
"1071",1071,23,0.72972972972973,0.695876288659794,0.712401055408971,185,0.008,0.003,6,2
"1072",1072,24,0.818181818181818,0.603092783505155,0.694362017804154,143,0.008,0.003,6,2
"1073",1073,25,0.78395061728395,0.654639175257732,0.713483146067416,162,0.008,0.003,6,2
"1074",1074,26,0.778409090909091,0.70618556701031,0.740540540540541,176,0.008,0.003,6,2
"1075",1075,27,0.798780487804878,0.675257731958763,0.731843575418994,164,0.008,0.003,6,2
"1076",1076,28,0.826086956521739,0.587628865979381,0.686746987951807,138,0.008,0.003,6,2
"1077",1077,29,0.798701298701299,0.634020618556701,0.706896551724138,154,0.008,0.003,6,2
"1078",1078,30,0.778443113772455,0.670103092783505,0.7202216066482,167,0.008,0.003,6,2
"1079",1079,31,0.78395061728395,0.654639175257732,0.713483146067416,162,0.008,0.003,6,2
"1080",1080,32,0.738693467336683,0.757731958762887,0.748091603053435,199,0.008,0.003,6,2
"1081",1081,33,0.80952380952381,0.61340206185567,0.697947214076246,147,0.008,0.003,6,2
"1082",1082,34,0.826086956521739,0.587628865979381,0.686746987951807,138,0.008,0.003,6,2
"1083",1083,35,0.76271186440678,0.695876288659794,0.727762803234501,177,0.008,0.003,6,2
"1084",1084,36,0.828025477707006,0.670103092783505,0.740740740740741,157,0.008,0.003,6,2
"1085",1085,37,0.762162162162162,0.72680412371134,0.744063324538259,185,0.008,0.003,6,2
"1086",1086,38,0.752688172043011,0.721649484536082,0.736842105263158,186,0.008,0.003,6,2
"1087",1087,39,0.807453416149068,0.670103092783505,0.732394366197183,161,0.008,0.003,6,2
"1088",1088,40,0.741116751269036,0.752577319587629,0.746803069053708,197,0.008,0.003,6,2
"1089",1089,41,0.790055248618785,0.737113402061856,0.762666666666667,181,0.008,0.003,6,2
"1090",1090,42,0.801169590643275,0.70618556701031,0.75068493150685,171,0.008,0.003,6,2
"1091",1091,43,0.881481481481482,0.61340206185567,0.723404255319149,135,0.008,0.003,6,2
"1092",1092,44,0.814814814814815,0.680412371134021,0.741573033707865,162,0.008,0.003,6,2
"1093",1093,45,0.75,0.742268041237113,0.746113989637306,192,0.008,0.003,6,2
"1094",1094,46,0.84,0.541237113402062,0.658307210031348,125,0.008,0.003,6,2
"1095",1095,47,0.783132530120482,0.670103092783505,0.722222222222222,166,0.008,0.003,6,2
"1096",1096,48,0.785714285714286,0.680412371134021,0.729281767955801,168,0.008,0.003,6,2
"1097",1097,49,0.746113989637306,0.742268041237113,0.744186046511628,193,0.008,0.003,6,2
"1098",1098,50,0.822368421052632,0.644329896907217,0.722543352601156,152,0.008,0.003,6,2
"1099",1099,51,0.834437086092715,0.649484536082474,0.730434782608696,151,0.008,0.003,6,2
"1100",1100,52,0.741935483870968,0.711340206185567,0.726315789473684,186,0.008,0.003,6,2
"1101",1101,53,0.790849673202614,0.623711340206186,0.697406340057637,153,0.008,0.003,6,2
"1102",1102,54,0.773006134969325,0.649484536082474,0.705882352941177,163,0.008,0.003,6,2
"1103",1103,55,0.821656050955414,0.664948453608247,0.735042735042735,157,0.008,0.003,6,2
"1104",1104,56,0.748717948717949,0.752577319587629,0.750642673521851,195,0.008,0.003,6,2
"1105",1105,57,0.774193548387097,0.742268041237113,0.757894736842105,186,0.008,0.003,6,2
"1106",1106,58,0.807692307692308,0.649484536082474,0.72,156,0.008,0.003,6,2
"1107",1107,59,0.827586206896552,0.618556701030928,0.707964601769911,145,0.008,0.003,6,2
"1108",1108,60,0.81203007518797,0.556701030927835,0.660550458715596,133,0.008,0.003,6,2
"1109",1109,61,0.82962962962963,0.577319587628866,0.680851063829787,135,0.008,0.003,6,2
"1110",1110,62,0.835820895522388,0.577319587628866,0.682926829268293,134,0.008,0.003,6,2
"1111",1111,63,0.81875,0.675257731958763,0.740112994350283,160,0.008,0.003,6,2
"1112",1112,64,0.85483870967742,0.54639175257732,0.666666666666667,124,0.008,0.003,6,2
"1113",1113,65,0.745762711864407,0.680412371134021,0.711590296495957,177,0.008,0.003,6,2
"1114",1114,66,0.796407185628742,0.685567010309278,0.736842105263158,167,0.008,0.003,6,2
"1115",1115,67,0.8671875,0.572164948453608,0.68944099378882,128,0.008,0.003,6,2
"1116",1116,68,0.761111111111111,0.70618556701031,0.732620320855615,180,0.008,0.003,6,2
"1117",1117,69,0.782608695652174,0.649484536082474,0.709859154929578,161,0.008,0.003,6,2
"1118",1118,70,0.732984293193717,0.721649484536082,0.727272727272727,191,0.008,0.003,6,2
"1119",1119,71,0.806060606060606,0.685567010309278,0.740947075208914,165,0.008,0.003,6,2
"1120",1120,72,0.748663101604278,0.721649484536082,0.73490813648294,187,0.008,0.003,6,2
"1121",1121,73,0.770053475935829,0.742268041237113,0.755905511811024,187,0.008,0.003,6,2
"1122",1122,74,0.8,0.618556701030928,0.697674418604651,150,0.008,0.003,6,2
"1123",1123,75,0.775401069518717,0.747422680412371,0.761154855643045,187,0.008,0.003,6,2
"1124",1124,76,0.754010695187166,0.72680412371134,0.740157480314961,187,0.008,0.003,6,2
"1125",1125,77,0.827814569536424,0.644329896907217,0.72463768115942,151,0.008,0.003,6,2
"1126",1126,78,0.741758241758242,0.695876288659794,0.718085106382979,182,0.008,0.003,6,2
"1127",1127,79,0.907563025210084,0.556701030927835,0.690095846645367,119,0.008,0.003,6,2
"1128",1128,80,0.8,0.639175257731959,0.710601719197708,155,0.008,0.003,6,2
"1129",1129,81,0.739795918367347,0.747422680412371,0.743589743589744,196,0.008,0.003,6,2
"1130",1130,82,0.824561403508772,0.484536082474227,0.61038961038961,114,0.008,0.003,6,2
"1131",1131,83,0.723756906077348,0.675257731958763,0.698666666666667,181,0.008,0.003,6,2
"1132",1132,84,0.718446601941748,0.762886597938144,0.74,206,0.008,0.003,6,2
"1133",1133,85,0.819354838709677,0.654639175257732,0.727793696275072,155,0.008,0.003,6,2
"1134",1134,86,0.810975609756098,0.685567010309278,0.743016759776536,164,0.008,0.003,6,2
"1135",1135,87,0.747252747252747,0.701030927835051,0.723404255319149,182,0.008,0.003,6,2
"1136",1136,88,0.81132075471698,0.664948453608247,0.730878186968839,159,0.008,0.003,6,2
"1137",1137,89,0.737373737373737,0.752577319587629,0.744897959183673,198,0.008,0.003,6,2
"1138",1138,90,0.759776536312849,0.701030927835051,0.729222520107239,179,0.008,0.003,6,2
"1139",1139,91,0.757225433526012,0.675257731958763,0.713896457765668,173,0.008,0.003,6,2
"1140",1140,92,0.778443113772455,0.670103092783505,0.7202216066482,167,0.008,0.003,6,2
"1141",1141,93,0.810126582278481,0.65979381443299,0.727272727272727,158,0.008,0.003,6,2
"1142",1142,94,0.784810126582278,0.639175257731959,0.704545454545454,158,0.008,0.003,6,2
"1143",1143,95,0.825396825396825,0.536082474226804,0.65,126,0.008,0.003,6,2
"1144",1144,96,0.76829268292683,0.649484536082474,0.70391061452514,164,0.008,0.003,6,2
"1145",1145,97,0.7953216374269,0.701030927835051,0.745205479452055,171,0.008,0.003,6,2
"1146",1146,98,0.726744186046512,0.644329896907217,0.683060109289618,172,0.008,0.003,6,2
"1147",1147,99,0.792207792207792,0.628865979381443,0.701149425287356,154,0.008,0.003,6,2
"1148",1148,100,0.81021897810219,0.572164948453608,0.670694864048338,137,0.008,0.003,6,2
"1649",1649,1,0.813253012048193,0.695876288659794,0.75,166,0.008,0.003,8,2
"1650",1650,2,0.75609756097561,0.798969072164949,0.776942355889724,205,0.008,0.003,8,2
"1651",1651,3,0.700980392156863,0.737113402061856,0.718592964824121,204,0.008,0.003,8,2
"1652",1652,4,0.735576923076923,0.788659793814433,0.761194029850746,208,0.008,0.003,8,2
"1653",1653,5,0.753012048192771,0.644329896907217,0.694444444444445,166,0.008,0.003,8,2
"1654",1654,6,0.727272727272727,0.701030927835051,0.713910761154856,187,0.008,0.003,8,2
"1655",1655,7,0.747311827956989,0.716494845360825,0.73157894736842,186,0.008,0.003,8,2
"1656",1656,8,0.771084337349398,0.65979381443299,0.711111111111111,166,0.008,0.003,8,2
"1657",1657,9,0.755555555555556,0.701030927835051,0.727272727272727,180,0.008,0.003,8,2
"1658",1658,10,0.730392156862745,0.768041237113402,0.748743718592965,204,0.008,0.003,8,2
"1659",1659,11,0.771929824561403,0.680412371134021,0.723287671232877,171,0.008,0.003,8,2
"1660",1660,12,0.733333333333333,0.737113402061856,0.73521850899743,195,0.008,0.003,8,2
"1661",1661,13,0.752631578947368,0.737113402061856,0.744791666666667,190,0.008,0.003,8,2
"1662",1662,14,0.75392670157068,0.742268041237113,0.748051948051948,191,0.008,0.003,8,2
"1663",1663,15,0.699507389162562,0.731958762886598,0.71536523929471,203,0.008,0.003,8,2
"1664",1664,16,0.744791666666667,0.737113402061856,0.740932642487047,192,0.008,0.003,8,2
"1665",1665,17,0.742105263157895,0.72680412371134,0.734375,190,0.008,0.003,8,2
"1666",1666,18,0.823899371069182,0.675257731958763,0.742209631728045,159,0.008,0.003,8,2
"1667",1667,19,0.740963855421687,0.634020618556701,0.683333333333333,166,0.008,0.003,8,2
"1668",1668,20,0.755555555555556,0.701030927835051,0.727272727272727,180,0.008,0.003,8,2
"1669",1669,21,0.714932126696833,0.814432989690722,0.76144578313253,221,0.008,0.003,8,2
"1670",1670,22,0.797619047619048,0.690721649484536,0.740331491712707,168,0.008,0.003,8,2
"1671",1671,23,0.77710843373494,0.664948453608247,0.716666666666667,166,0.008,0.003,8,2
"1672",1672,24,0.75,0.72680412371134,0.738219895287958,188,0.008,0.003,8,2
"1673",1673,25,0.806451612903226,0.644329896907217,0.716332378223496,155,0.008,0.003,8,2
"1674",1674,26,0.778947368421053,0.762886597938144,0.770833333333333,190,0.008,0.003,8,2
"1675",1675,27,0.748571428571429,0.675257731958763,0.710027100271003,175,0.008,0.003,8,2
"1676",1676,28,0.741293532338308,0.768041237113402,0.754430379746835,201,0.008,0.003,8,2
"1677",1677,29,0.733333333333333,0.737113402061856,0.73521850899743,195,0.008,0.003,8,2
"1678",1678,30,0.693548387096774,0.664948453608247,0.678947368421053,186,0.008,0.003,8,2
"1679",1679,31,0.693396226415094,0.757731958762887,0.724137931034483,212,0.008,0.003,8,2
"1680",1680,32,0.761111111111111,0.70618556701031,0.732620320855615,180,0.008,0.003,8,2
"1681",1681,33,0.739795918367347,0.747422680412371,0.743589743589744,196,0.008,0.003,8,2
"1682",1682,34,0.715,0.737113402061856,0.725888324873097,200,0.008,0.003,8,2
"1683",1683,35,0.778443113772455,0.670103092783505,0.7202216066482,167,0.008,0.003,8,2
"1684",1684,36,0.784431137724551,0.675257731958763,0.725761772853186,167,0.008,0.003,8,2
"1685",1685,37,0.74757281553398,0.79381443298969,0.77,206,0.008,0.003,8,2
"1686",1686,38,0.695,0.716494845360825,0.705583756345178,200,0.008,0.003,8,2
"1687",1687,39,0.733333333333333,0.737113402061856,0.73521850899743,195,0.008,0.003,8,2
"1688",1688,40,0.716417910447761,0.742268041237113,0.729113924050633,201,0.008,0.003,8,2
"1689",1689,41,0.74585635359116,0.695876288659794,0.72,181,0.008,0.003,8,2
"1690",1690,42,0.74404761904762,0.644329896907217,0.69060773480663,168,0.008,0.003,8,2
"1691",1691,43,0.70048309178744,0.747422680412371,0.723192019950125,207,0.008,0.003,8,2
"1692",1692,44,0.714285714285714,0.77319587628866,0.742574257425743,210,0.008,0.003,8,2
"1693",1693,45,0.724299065420561,0.798969072164949,0.759803921568627,214,0.008,0.003,8,2
"1694",1694,46,0.729166666666667,0.721649484536082,0.72538860103627,192,0.008,0.003,8,2
"1695",1695,47,0.703517587939699,0.721649484536082,0.712468193384224,199,0.008,0.003,8,2
"1696",1696,48,0.71904761904762,0.778350515463918,0.747524752475248,210,0.008,0.003,8,2
"1697",1697,49,0.803680981595092,0.675257731958763,0.733893557422969,163,0.008,0.003,8,2
"1698",1698,50,0.726256983240223,0.670103092783505,0.697050938337802,179,0.008,0.003,8,2
"1699",1699,51,0.740331491712707,0.690721649484536,0.714666666666667,181,0.008,0.003,8,2
"1700",1700,52,0.739795918367347,0.747422680412371,0.743589743589744,196,0.008,0.003,8,2
"1701",1701,53,0.777070063694268,0.628865979381443,0.695156695156695,157,0.008,0.003,8,2
"1702",1702,54,0.716417910447761,0.742268041237113,0.729113924050633,201,0.008,0.003,8,2
"1703",1703,55,0.767955801104972,0.716494845360825,0.741333333333333,181,0.008,0.003,8,2
"1704",1704,56,0.738693467336683,0.757731958762887,0.748091603053435,199,0.008,0.003,8,2
"1705",1705,57,0.711229946524064,0.685567010309278,0.698162729658793,187,0.008,0.003,8,2
"1706",1706,58,0.735294117647059,0.77319587628866,0.753768844221106,204,0.008,0.003,8,2
"1707",1707,59,0.693023255813954,0.768041237113402,0.728606356968215,215,0.008,0.003,8,2
"1708",1708,60,0.74757281553398,0.79381443298969,0.77,206,0.008,0.003,8,2
"1709",1709,61,0.701357466063348,0.798969072164949,0.746987951807229,221,0.008,0.003,8,2
"1710",1710,62,0.721698113207547,0.788659793814433,0.753694581280788,212,0.008,0.003,8,2
"1711",1711,63,0.708994708994709,0.690721649484536,0.699738903394256,189,0.008,0.003,8,2
"1712",1712,64,0.72972972972973,0.695876288659794,0.712401055408971,185,0.008,0.003,8,2
"1713",1713,65,0.683962264150943,0.747422680412371,0.714285714285714,212,0.008,0.003,8,2
"1714",1714,66,0.748717948717949,0.752577319587629,0.750642673521851,195,0.008,0.003,8,2
"1715",1715,67,0.728723404255319,0.70618556701031,0.717277486910995,188,0.008,0.003,8,2
"1716",1716,68,0.692660550458716,0.778350515463918,0.733009708737864,218,0.008,0.003,8,2
"1717",1717,69,0.695652173913043,0.742268041237113,0.718204488778055,207,0.008,0.003,8,2
"1718",1718,70,0.74,0.762886597938144,0.751269035532995,200,0.008,0.003,8,2
"1719",1719,71,0.75,0.680412371134021,0.713513513513513,176,0.008,0.003,8,2
"1720",1720,72,0.714285714285714,0.77319587628866,0.742574257425743,210,0.008,0.003,8,2
"1721",1721,73,0.71356783919598,0.731958762886598,0.72264631043257,199,0.008,0.003,8,2
"1722",1722,74,0.764705882352941,0.737113402061856,0.750656167979003,187,0.008,0.003,8,2
"1723",1723,75,0.699551569506726,0.804123711340206,0.748201438848921,223,0.008,0.003,8,2
"1724",1724,76,0.741758241758242,0.695876288659794,0.718085106382979,182,0.008,0.003,8,2
"1725",1725,77,0.784883720930233,0.695876288659794,0.737704918032787,172,0.008,0.003,8,2
"1726",1726,78,0.755208333333333,0.747422680412371,0.751295336787565,192,0.008,0.003,8,2
"1727",1727,79,0.81132075471698,0.664948453608247,0.730878186968839,159,0.008,0.003,8,2
"1728",1728,80,0.84375,0.556701030927835,0.670807453416149,128,0.008,0.003,8,2
"1729",1729,81,0.76243093922652,0.711340206185567,0.736,181,0.008,0.003,8,2
"1730",1730,82,0.683720930232558,0.757731958762887,0.71882640586797,215,0.008,0.003,8,2
"1731",1731,83,0.770588235294118,0.675257731958763,0.71978021978022,170,0.008,0.003,8,2
"1732",1732,84,0.725961538461538,0.778350515463918,0.751243781094527,208,0.008,0.003,8,2
"1733",1733,85,0.757225433526012,0.675257731958763,0.713896457765668,173,0.008,0.003,8,2
"1734",1734,86,0.763005780346821,0.680412371134021,0.719346049046321,173,0.008,0.003,8,2
"1735",1735,87,0.775,0.639175257731959,0.700564971751412,160,0.008,0.003,8,2
"1736",1736,88,0.784883720930233,0.695876288659794,0.737704918032787,172,0.008,0.003,8,2
"1737",1737,89,0.722513089005236,0.711340206185567,0.716883116883117,191,0.008,0.003,8,2
"1738",1738,90,0.71978021978022,0.675257731958763,0.696808510638298,182,0.008,0.003,8,2
"1739",1739,91,0.790697674418605,0.701030927835051,0.743169398907104,172,0.008,0.003,8,2
"1740",1740,92,0.780346820809249,0.695876288659794,0.735694822888283,173,0.008,0.003,8,2
"1741",1741,93,0.744565217391304,0.70618556701031,0.724867724867725,184,0.008,0.003,8,2
"1742",1742,94,0.813664596273292,0.675257731958763,0.738028169014084,161,0.008,0.003,8,2
"1743",1743,95,0.697560975609756,0.737113402061856,0.716791979949875,205,0.008,0.003,8,2
"1744",1744,96,0.756756756756757,0.721649484536082,0.738786279683377,185,0.008,0.003,8,2
"1745",1745,97,0.74331550802139,0.716494845360825,0.729658792650919,187,0.008,0.003,8,2
"1746",1746,98,0.764705882352941,0.603092783505155,0.674351585014409,153,0.008,0.003,8,2
"1747",1747,99,0.775757575757576,0.65979381443299,0.713091922005571,165,0.008,0.003,8,2
"1748",1748,100,0.737430167597765,0.680412371134021,0.707774798927614,179,0.008,0.003,8,2
"2249",2249,1,0.719211822660099,0.752577319587629,0.73551637279597,203,0.008,0.003,10,2
"2250",2250,2,0.72139303482587,0.747422680412371,0.734177215189874,201,0.008,0.003,10,2
"2251",2251,3,0.720379146919431,0.783505154639175,0.750617283950617,211,0.008,0.003,10,2
"2252",2252,4,0.702830188679245,0.768041237113402,0.733990147783251,212,0.008,0.003,10,2
"2253",2253,5,0.717391304347826,0.680412371134021,0.698412698412698,184,0.008,0.003,10,2
"2254",2254,6,0.78343949044586,0.634020618556701,0.700854700854701,157,0.008,0.003,10,2
"2255",2255,7,0.791907514450867,0.70618556701031,0.746594005449591,173,0.008,0.003,10,2
"2256",2256,8,0.669724770642202,0.752577319587629,0.70873786407767,218,0.008,0.003,10,2
"2257",2257,9,0.76536312849162,0.70618556701031,0.734584450402145,179,0.008,0.003,10,2
"2258",2258,10,0.762162162162162,0.72680412371134,0.744063324538259,185,0.008,0.003,10,2
"2259",2259,11,0.781065088757396,0.680412371134021,0.727272727272727,169,0.008,0.003,10,2
"2260",2260,12,0.72463768115942,0.77319587628866,0.748129675810474,207,0.008,0.003,10,2
"2261",2261,13,0.728205128205128,0.731958762886598,0.730077120822622,195,0.008,0.003,10,2
"2262",2262,14,0.672897196261682,0.742268041237113,0.705882352941176,214,0.008,0.003,10,2
"2263",2263,15,0.736842105263158,0.79381443298969,0.764267990074442,209,0.008,0.003,10,2
"2264",2264,16,0.744897959183674,0.752577319587629,0.748717948717949,196,0.008,0.003,10,2
"2265",2265,17,0.758241758241758,0.711340206185567,0.734042553191489,182,0.008,0.003,10,2
"2266",2266,18,0.767441860465116,0.680412371134021,0.721311475409836,172,0.008,0.003,10,2
"2267",2267,19,0.68141592920354,0.79381443298969,0.733333333333333,226,0.008,0.003,10,2
"2268",2268,20,0.696682464454976,0.757731958762887,0.725925925925926,211,0.008,0.003,10,2
"2269",2269,21,0.742718446601942,0.788659793814433,0.765,206,0.008,0.003,10,2
"2270",2270,22,0.730569948186529,0.72680412371134,0.728682170542636,193,0.008,0.003,10,2
"2271",2271,23,0.708542713567839,0.72680412371134,0.717557251908397,199,0.008,0.003,10,2
"2272",2272,24,0.746113989637306,0.742268041237113,0.744186046511628,193,0.008,0.003,10,2
"2273",2273,25,0.723618090452261,0.742268041237113,0.732824427480916,199,0.008,0.003,10,2
"2274",2274,26,0.723618090452261,0.742268041237113,0.732824427480916,199,0.008,0.003,10,2
"2275",2275,27,0.722772277227723,0.752577319587629,0.737373737373737,202,0.008,0.003,10,2
"2276",2276,28,0.669565217391304,0.79381443298969,0.726415094339623,230,0.008,0.003,10,2
"2277",2277,29,0.696078431372549,0.731958762886598,0.71356783919598,204,0.008,0.003,10,2
"2278",2278,30,0.723809523809524,0.783505154639175,0.752475247524752,210,0.008,0.003,10,2
"2279",2279,31,0.714975845410628,0.762886597938144,0.738154613466334,207,0.008,0.003,10,2
"2280",2280,32,0.743961352657005,0.79381443298969,0.768079800498753,207,0.008,0.003,10,2
"2281",2281,33,0.691919191919192,0.70618556701031,0.698979591836735,198,0.008,0.003,10,2
"2282",2282,34,0.758064516129032,0.72680412371134,0.742105263157895,186,0.008,0.003,10,2
"2283",2283,35,0.775956284153005,0.731958762886598,0.753315649867374,183,0.008,0.003,10,2
"2284",2284,36,0.705314009661836,0.752577319587629,0.728179551122194,207,0.008,0.003,10,2
"2285",2285,37,0.715,0.737113402061856,0.725888324873097,200,0.008,0.003,10,2
"2286",2286,38,0.710900473933649,0.77319587628866,0.740740740740741,211,0.008,0.003,10,2
"2287",2287,39,0.702439024390244,0.742268041237113,0.721804511278195,205,0.008,0.003,10,2
"2288",2288,40,0.71219512195122,0.752577319587629,0.731829573934837,205,0.008,0.003,10,2
"2289",2289,41,0.702020202020202,0.716494845360825,0.709183673469388,198,0.008,0.003,10,2
"2290",2290,42,0.729857819905213,0.79381443298969,0.760493827160494,211,0.008,0.003,10,2
"2291",2291,43,0.680365296803653,0.768041237113402,0.721549636803874,219,0.008,0.003,10,2
"2292",2292,44,0.73134328358209,0.757731958762887,0.744303797468354,201,0.008,0.003,10,2
"2293",2293,45,0.738219895287958,0.72680412371134,0.732467532467532,191,0.008,0.003,10,2
"2294",2294,46,0.72139303482587,0.747422680412371,0.734177215189874,201,0.008,0.003,10,2
"2295",2295,47,0.741293532338308,0.768041237113402,0.754430379746835,201,0.008,0.003,10,2
"2296",2296,48,0.760869565217391,0.721649484536082,0.740740740740741,184,0.008,0.003,10,2
"2297",2297,49,0.754010695187166,0.72680412371134,0.740157480314961,187,0.008,0.003,10,2
"2298",2298,50,0.820359281437126,0.70618556701031,0.759002770083102,167,0.008,0.003,10,2
"2299",2299,51,0.678391959798995,0.695876288659794,0.687022900763359,199,0.008,0.003,10,2
"2300",2300,52,0.72093023255814,0.798969072164949,0.757946210268949,215,0.008,0.003,10,2
"2301",2301,53,0.684444444444444,0.79381443298969,0.73508353221957,225,0.008,0.003,10,2
"2302",2302,54,0.713541666666667,0.70618556701031,0.709844559585492,192,0.008,0.003,10,2
"2303",2303,55,0.711340206185567,0.711340206185567,0.711340206185567,194,0.008,0.003,10,2
"2304",2304,56,0.739336492890995,0.804123711340206,0.77037037037037,211,0.008,0.003,10,2
"2305",2305,57,0.72636815920398,0.752577319587629,0.739240506329114,201,0.008,0.003,10,2
"2306",2306,58,0.745,0.768041237113402,0.756345177664975,200,0.008,0.003,10,2
"2307",2307,59,0.728643216080402,0.747422680412371,0.737913486005089,199,0.008,0.003,10,2
"2308",2308,60,0.72139303482587,0.747422680412371,0.734177215189874,201,0.008,0.003,10,2
"2309",2309,61,0.70048309178744,0.747422680412371,0.723192019950125,207,0.008,0.003,10,2
"2310",2310,62,0.795454545454545,0.721649484536082,0.756756756756757,176,0.008,0.003,10,2
"2311",2311,63,0.743169398907104,0.701030927835051,0.721485411140583,183,0.008,0.003,10,2
"2312",2312,64,0.742105263157895,0.72680412371134,0.734375,190,0.008,0.003,10,2
"2313",2313,65,0.74384236453202,0.778350515463918,0.760705289672544,203,0.008,0.003,10,2
"2314",2314,66,0.711229946524064,0.685567010309278,0.698162729658793,187,0.008,0.003,10,2
"2315",2315,67,0.725,0.747422680412371,0.736040609137056,200,0.008,0.003,10,2
"2316",2316,68,0.7,0.721649484536082,0.710659898477157,200,0.008,0.003,10,2
"2317",2317,69,0.716981132075472,0.783505154639175,0.748768472906404,212,0.008,0.003,10,2
"2318",2318,70,0.693023255813954,0.768041237113402,0.728606356968215,215,0.008,0.003,10,2
"2319",2319,71,0.700980392156863,0.737113402061856,0.718592964824121,204,0.008,0.003,10,2
"2320",2320,72,0.723404255319149,0.701030927835051,0.712041884816754,188,0.008,0.003,10,2
"2321",2321,73,0.736842105263158,0.721649484536082,0.729166666666667,190,0.008,0.003,10,2
"2322",2322,74,0.708333333333333,0.788659793814433,0.746341463414634,216,0.008,0.003,10,2
"2323",2323,75,0.729166666666667,0.721649484536082,0.72538860103627,192,0.008,0.003,10,2
"2324",2324,76,0.701357466063348,0.798969072164949,0.746987951807229,221,0.008,0.003,10,2
"2325",2325,77,0.731958762886598,0.731958762886598,0.731958762886598,194,0.008,0.003,10,2
"2326",2326,78,0.692682926829268,0.731958762886598,0.711779448621554,205,0.008,0.003,10,2
"2327",2327,79,0.70935960591133,0.742268041237113,0.72544080604534,203,0.008,0.003,10,2
"2328",2328,80,0.708133971291866,0.762886597938144,0.734491315136476,209,0.008,0.003,10,2
"2329",2329,81,0.705314009661836,0.752577319587629,0.728179551122194,207,0.008,0.003,10,2
"2330",2330,82,0.694581280788177,0.72680412371134,0.710327455919396,203,0.008,0.003,10,2
"2331",2331,83,0.71875,0.711340206185567,0.715025906735751,192,0.008,0.003,10,2
"2332",2332,84,0.690582959641256,0.79381443298969,0.738609112709832,223,0.008,0.003,10,2
"2333",2333,85,0.832335329341317,0.716494845360825,0.770083102493075,167,0.008,0.003,10,2
"2334",2334,86,0.733668341708543,0.752577319587629,0.743002544529262,199,0.008,0.003,10,2
"2335",2335,87,0.697247706422018,0.783505154639175,0.737864077669903,218,0.008,0.003,10,2
"2336",2336,88,0.751322751322751,0.731958762886598,0.741514360313316,189,0.008,0.003,10,2
"2337",2337,89,0.779569892473118,0.747422680412371,0.763157894736842,186,0.008,0.003,10,2
"2338",2338,90,0.727699530516432,0.798969072164949,0.761670761670762,213,0.008,0.003,10,2
"2339",2339,91,0.76829268292683,0.649484536082474,0.70391061452514,164,0.008,0.003,10,2
"2340",2340,92,0.702830188679245,0.768041237113402,0.733990147783251,212,0.008,0.003,10,2
"2341",2341,93,0.697674418604651,0.77319587628866,0.733496332518337,215,0.008,0.003,10,2
"2342",2342,94,0.792134831460674,0.72680412371134,0.758064516129032,178,0.008,0.003,10,2
"2343",2343,95,0.71,0.731958762886598,0.720812182741117,200,0.008,0.003,10,2
"2344",2344,96,0.693023255813954,0.768041237113402,0.728606356968215,215,0.008,0.003,10,2
"2345",2345,97,0.726775956284153,0.685567010309278,0.705570291777188,183,0.008,0.003,10,2
"2346",2346,98,0.769662921348315,0.70618556701031,0.736559139784946,178,0.008,0.003,10,2
"2347",2347,99,0.729166666666667,0.721649484536082,0.72538860103627,192,0.008,0.003,10,2
"2348",2348,100,0.759776536312849,0.701030927835051,0.729222520107239,179,0.008,0.003,10,2
"2949",2949,1,0.80625,0.664948453608247,0.728813559322034,160,0.008,0.003,12,3
"2950",2950,2,0.773006134969325,0.649484536082474,0.705882352941177,163,0.008,0.003,12,3
"2951",2951,3,0.787096774193548,0.628865979381443,0.699140401146132,155,0.008,0.003,12,3
"2952",2952,4,0.74054054054054,0.70618556701031,0.722955145118733,185,0.008,0.003,12,3
"2953",2953,5,0.813253012048193,0.695876288659794,0.75,166,0.008,0.003,12,3
"2954",2954,6,0.761627906976744,0.675257731958763,0.715846994535519,172,0.008,0.003,12,3
"2955",2955,7,0.792899408284024,0.690721649484536,0.738292011019284,169,0.008,0.003,12,3
"2956",2956,8,0.76536312849162,0.70618556701031,0.734584450402145,179,0.008,0.003,12,3
"2957",2957,9,0.76829268292683,0.649484536082474,0.70391061452514,164,0.008,0.003,12,3
"2958",2958,10,0.803680981595092,0.675257731958763,0.733893557422969,163,0.008,0.003,12,3
"2959",2959,11,0.789473684210526,0.695876288659794,0.73972602739726,171,0.008,0.003,12,3
"2960",2960,12,0.775280898876405,0.711340206185567,0.741935483870968,178,0.008,0.003,12,3
"2961",2961,13,0.83435582822086,0.701030927835051,0.761904761904762,163,0.008,0.003,12,3
"2962",2962,14,0.752808988764045,0.690721649484536,0.720430107526882,178,0.008,0.003,12,3
"2963",2963,15,0.774566473988439,0.690721649484536,0.73024523160763,173,0.008,0.003,12,3
"2964",2964,16,0.85820895522388,0.592783505154639,0.701219512195122,134,0.008,0.003,12,3
"2965",2965,17,0.813664596273292,0.675257731958763,0.738028169014084,161,0.008,0.003,12,3
"2966",2966,18,0.76878612716763,0.685567010309278,0.724795640326976,173,0.008,0.003,12,3
"2967",2967,19,0.817567567567568,0.623711340206186,0.707602339181287,148,0.008,0.003,12,3
"2968",2968,20,0.769230769230769,0.670103092783505,0.71625344352617,169,0.008,0.003,12,3
"2969",2969,21,0.82183908045977,0.737113402061856,0.777173913043478,174,0.008,0.003,12,3
"2970",2970,22,0.756756756756757,0.721649484536082,0.738786279683377,185,0.008,0.003,12,3
"2971",2971,23,0.817142857142857,0.737113402061856,0.775067750677507,175,0.008,0.003,12,3
"2972",2972,24,0.737623762376238,0.768041237113402,0.752525252525252,202,0.008,0.003,12,3
"2973",2973,25,0.817610062893082,0.670103092783505,0.736543909348442,159,0.008,0.003,12,3
"2974",2974,26,0.795454545454545,0.721649484536082,0.756756756756757,176,0.008,0.003,12,3
"2975",2975,27,0.777777777777778,0.649484536082474,0.707865168539326,162,0.008,0.003,12,3
"2976",2976,28,0.779661016949153,0.711340206185567,0.743935309973046,177,0.008,0.003,12,3
"2977",2977,29,0.784810126582278,0.639175257731959,0.704545454545454,158,0.008,0.003,12,3
"2978",2978,30,0.808641975308642,0.675257731958763,0.735955056179775,162,0.008,0.003,12,3
"2979",2979,31,0.795580110497238,0.742268041237113,0.768,181,0.008,0.003,12,3
"2980",2980,32,0.837662337662338,0.664948453608247,0.741379310344828,154,0.008,0.003,12,3
"2981",2981,33,0.81045751633987,0.639175257731959,0.714697406340058,153,0.008,0.003,12,3
"2982",2982,34,0.81132075471698,0.664948453608247,0.730878186968839,159,0.008,0.003,12,3
"2983",2983,35,0.791907514450867,0.70618556701031,0.746594005449591,173,0.008,0.003,12,3
"2984",2984,36,0.80246913580247,0.670103092783505,0.730337078651686,162,0.008,0.003,12,3
"2985",2985,37,0.74331550802139,0.716494845360825,0.729658792650919,187,0.008,0.003,12,3
"2986",2986,38,0.795031055900621,0.65979381443299,0.72112676056338,161,0.008,0.003,12,3
"2987",2987,39,0.789473684210526,0.695876288659794,0.73972602739726,171,0.008,0.003,12,3
"2988",2988,40,0.78857142857143,0.711340206185567,0.747967479674797,175,0.008,0.003,12,3
"2989",2989,41,0.771276595744681,0.747422680412371,0.759162303664921,188,0.008,0.003,12,3
"2990",2990,42,0.80921052631579,0.634020618556701,0.710982658959538,152,0.008,0.003,12,3
"2991",2991,43,0.818181818181818,0.649484536082474,0.724137931034483,154,0.008,0.003,12,3
"2992",2992,44,0.777070063694268,0.628865979381443,0.695156695156695,157,0.008,0.003,12,3
"2993",2993,45,0.794701986754967,0.618556701030928,0.695652173913043,151,0.008,0.003,12,3
"2994",2994,46,0.764705882352941,0.737113402061856,0.750656167979003,187,0.008,0.003,12,3
"2995",2995,47,0.819875776397516,0.680412371134021,0.743661971830986,161,0.008,0.003,12,3
"2996",2996,48,0.80225988700565,0.731958762886598,0.765498652291105,177,0.008,0.003,12,3
"2997",2997,49,0.812121212121212,0.690721649484536,0.746518105849582,165,0.008,0.003,12,3
"2998",2998,50,0.859154929577465,0.628865979381443,0.726190476190476,142,0.008,0.003,12,3
"2999",2999,51,0.76,0.685567010309278,0.720867208672087,175,0.008,0.003,12,3
"3000",3000,52,0.82962962962963,0.577319587628866,0.680851063829787,135,0.008,0.003,12,3
"3001",3001,53,0.789473684210526,0.695876288659794,0.73972602739726,171,0.008,0.003,12,3
"3002",3002,54,0.767045454545455,0.695876288659794,0.72972972972973,176,0.008,0.003,12,3
"3003",3003,55,0.80952380952381,0.701030927835051,0.751381215469613,168,0.008,0.003,12,3
"3004",3004,56,0.802395209580838,0.690721649484536,0.742382271468144,167,0.008,0.003,12,3
"3005",3005,57,0.813333333333333,0.628865979381443,0.709302325581395,150,0.008,0.003,12,3
"3006",3006,58,0.779661016949153,0.711340206185567,0.743935309973046,177,0.008,0.003,12,3
"3007",3007,59,0.833333333333333,0.618556701030928,0.710059171597633,144,0.008,0.003,12,3
"3008",3008,60,0.783132530120482,0.670103092783505,0.722222222222222,166,0.008,0.003,12,3
"3009",3009,61,0.82142857142857,0.592783505154639,0.688622754491018,140,0.008,0.003,12,3
"3010",3010,62,0.780898876404494,0.716494845360825,0.747311827956989,178,0.008,0.003,12,3
"3011",3011,63,0.886524822695035,0.644329896907217,0.746268656716418,141,0.008,0.003,12,3
"3012",3012,64,0.78343949044586,0.634020618556701,0.700854700854701,157,0.008,0.003,12,3
"3013",3013,65,0.769230769230769,0.670103092783505,0.71625344352617,169,0.008,0.003,12,3
"3014",3014,66,0.798816568047337,0.695876288659794,0.743801652892562,169,0.008,0.003,12,3
"3015",3015,67,0.774011299435028,0.70618556701031,0.738544474393531,177,0.008,0.003,12,3
"3016",3016,68,0.829113924050633,0.675257731958763,0.744318181818182,158,0.008,0.003,12,3
"3017",3017,69,0.771428571428571,0.695876288659794,0.73170731707317,175,0.008,0.003,12,3
"3018",3018,70,0.767955801104972,0.716494845360825,0.741333333333333,181,0.008,0.003,12,3
"3019",3019,71,0.766666666666667,0.711340206185567,0.737967914438503,180,0.008,0.003,12,3
"3020",3020,72,0.824324324324324,0.628865979381443,0.71345029239766,148,0.008,0.003,12,3
"3021",3021,73,0.772486772486772,0.752577319587629,0.762402088772846,189,0.008,0.003,12,3
"3022",3022,74,0.801169590643275,0.70618556701031,0.75068493150685,171,0.008,0.003,12,3
"3023",3023,75,0.767441860465116,0.680412371134021,0.721311475409836,172,0.008,0.003,12,3
"3024",3024,76,0.836477987421384,0.685567010309278,0.753541076487252,159,0.008,0.003,12,3
"3025",3025,77,0.761363636363636,0.690721649484536,0.724324324324324,176,0.008,0.003,12,3
"3026",3026,78,0.829113924050633,0.675257731958763,0.744318181818182,158,0.008,0.003,12,3
"3027",3027,79,0.886178861788618,0.561855670103093,0.687697160883281,123,0.008,0.003,12,3
"3028",3028,80,0.822485207100592,0.716494845360825,0.765840220385675,169,0.008,0.003,12,3
"3029",3029,81,0.80625,0.664948453608247,0.728813559322034,160,0.008,0.003,12,3
"3030",3030,82,0.832258064516129,0.664948453608247,0.739255014326648,155,0.008,0.003,12,3
"3031",3031,83,0.777777777777778,0.721649484536082,0.748663101604278,180,0.008,0.003,12,3
"3032",3032,84,0.818181818181818,0.649484536082474,0.724137931034483,154,0.008,0.003,12,3
"3033",3033,85,0.80357142857143,0.695876288659794,0.74585635359116,168,0.008,0.003,12,3
"3034",3034,86,0.773480662983425,0.721649484536082,0.746666666666667,181,0.008,0.003,12,3
"3035",3035,87,0.827380952380952,0.716494845360825,0.767955801104972,168,0.008,0.003,12,3
"3036",3036,88,0.757225433526012,0.675257731958763,0.713896457765668,173,0.008,0.003,12,3
"3037",3037,89,0.78235294117647,0.685567010309278,0.730769230769231,170,0.008,0.003,12,3
"3038",3038,90,0.80891719745223,0.654639175257732,0.723646723646724,157,0.008,0.003,12,3
"3039",3039,91,0.824675324675325,0.654639175257732,0.729885057471264,154,0.008,0.003,12,3
"3040",3040,92,0.806060606060606,0.685567010309278,0.740947075208914,165,0.008,0.003,12,3
"3041",3041,93,0.795180722891566,0.680412371134021,0.733333333333333,166,0.008,0.003,12,3
"3042",3042,94,0.78235294117647,0.685567010309278,0.730769230769231,170,0.008,0.003,12,3
"3043",3043,95,0.824675324675325,0.654639175257732,0.729885057471264,154,0.008,0.003,12,3
"3044",3044,96,0.846153846153846,0.623711340206186,0.718100890207715,143,0.008,0.003,12,3
"3045",3045,97,0.813333333333333,0.628865979381443,0.709302325581395,150,0.008,0.003,12,3
"3046",3046,98,0.80379746835443,0.654639175257732,0.721590909090909,158,0.008,0.003,12,3
"3047",3047,99,0.813953488372093,0.721649484536082,0.765027322404372,172,0.008,0.003,12,3
"3048",3048,100,0.77906976744186,0.690721649484536,0.73224043715847,172,0.008,0.003,12,3
"3549",3549,1,0.796178343949045,0.644329896907217,0.712250712250712,157,0.008,0.003,14,3
"3550",3550,2,0.774725274725275,0.72680412371134,0.75,182,0.008,0.003,14,3
"3551",3551,3,0.74585635359116,0.695876288659794,0.72,181,0.008,0.003,14,3
"3552",3552,4,0.788235294117647,0.690721649484536,0.736263736263736,170,0.008,0.003,14,3
"3553",3553,5,0.772972972972973,0.737113402061856,0.754617414248021,185,0.008,0.003,14,3
"3554",3554,6,0.733695652173913,0.695876288659794,0.714285714285714,184,0.008,0.003,14,3
"3555",3555,7,0.81875,0.675257731958763,0.740112994350283,160,0.008,0.003,14,3
"3556",3556,8,0.805194805194805,0.639175257731959,0.71264367816092,154,0.008,0.003,14,3
"3557",3557,9,0.775862068965517,0.695876288659794,0.733695652173913,174,0.008,0.003,14,3
"3558",3558,10,0.788819875776398,0.654639175257732,0.715492957746479,161,0.008,0.003,14,3
"3559",3559,11,0.768817204301075,0.737113402061856,0.752631578947368,186,0.008,0.003,14,3
"3560",3560,12,0.787878787878788,0.670103092783505,0.724233983286908,165,0.008,0.003,14,3
"3561",3561,13,0.76595744680851,0.742268041237113,0.75392670157068,188,0.008,0.003,14,3
"3562",3562,14,0.801282051282051,0.644329896907217,0.714285714285714,156,0.008,0.003,14,3
"3563",3563,15,0.75,0.680412371134021,0.713513513513513,176,0.008,0.003,14,3
"3564",3564,16,0.796178343949045,0.644329896907217,0.712250712250712,157,0.008,0.003,14,3
"3565",3565,17,0.751295336787565,0.747422680412371,0.749354005167959,193,0.008,0.003,14,3
"3566",3566,18,0.803468208092486,0.716494845360825,0.757493188010899,173,0.008,0.003,14,3
"3567",3567,19,0.78421052631579,0.768041237113402,0.776041666666667,190,0.008,0.003,14,3
"3568",3568,20,0.8,0.680412371134021,0.735376044568245,165,0.008,0.003,14,3
"3569",3569,21,0.788359788359788,0.768041237113402,0.778067885117493,189,0.008,0.003,14,3
"3570",3570,22,0.778481012658228,0.634020618556701,0.698863636363636,158,0.008,0.003,14,3
"3571",3571,23,0.763736263736264,0.716494845360825,0.73936170212766,182,0.008,0.003,14,3
"3572",3572,24,0.793296089385475,0.731958762886598,0.761394101876676,179,0.008,0.003,14,3
"3573",3573,25,0.782608695652174,0.649484536082474,0.709859154929578,161,0.008,0.003,14,3
"3574",3574,26,0.791208791208791,0.742268041237113,0.765957446808511,182,0.008,0.003,14,3
"3575",3575,27,0.73224043715847,0.690721649484536,0.710875331564987,183,0.008,0.003,14,3
"3576",3576,28,0.813664596273292,0.675257731958763,0.738028169014084,161,0.008,0.003,14,3
"3577",3577,29,0.754189944134078,0.695876288659794,0.723860589812332,179,0.008,0.003,14,3
"3578",3578,30,0.754285714285714,0.680412371134021,0.715447154471545,175,0.008,0.003,14,3
"3579",3579,31,0.785714285714286,0.680412371134021,0.729281767955801,168,0.008,0.003,14,3
"3580",3580,32,0.739583333333333,0.731958762886598,0.735751295336788,192,0.008,0.003,14,3
"3581",3581,33,0.758064516129032,0.72680412371134,0.742105263157895,186,0.008,0.003,14,3
"3582",3582,34,0.72972972972973,0.695876288659794,0.712401055408971,185,0.008,0.003,14,3
"3583",3583,35,0.798816568047337,0.695876288659794,0.743801652892562,169,0.008,0.003,14,3
"3584",3584,36,0.821656050955414,0.664948453608247,0.735042735042735,157,0.008,0.003,14,3
"3585",3585,37,0.746031746031746,0.72680412371134,0.736292428198433,189,0.008,0.003,14,3
"3586",3586,38,0.802395209580838,0.690721649484536,0.742382271468144,167,0.008,0.003,14,3
"3587",3587,39,0.757575757575758,0.644329896907217,0.696378830083565,165,0.008,0.003,14,3
"3588",3588,40,0.786096256684492,0.757731958762887,0.771653543307087,187,0.008,0.003,14,3
"3589",3589,41,0.770114942528736,0.690721649484536,0.728260869565217,174,0.008,0.003,14,3
"3590",3590,42,0.793296089385475,0.731958762886598,0.761394101876676,179,0.008,0.003,14,3
"3591",3591,43,0.827338129496403,0.592783505154639,0.690690690690691,139,0.008,0.003,14,3
"3592",3592,44,0.761363636363636,0.690721649484536,0.724324324324324,176,0.008,0.003,14,3
"3593",3593,45,0.781065088757396,0.680412371134021,0.727272727272727,169,0.008,0.003,14,3
"3594",3594,46,0.75531914893617,0.731958762886598,0.743455497382199,188,0.008,0.003,14,3
"3595",3595,47,0.814569536423841,0.634020618556701,0.71304347826087,151,0.008,0.003,14,3
"3596",3596,48,0.78688524590164,0.742268041237113,0.76392572944297,183,0.008,0.003,14,3
"3597",3597,49,0.723618090452261,0.742268041237113,0.732824427480916,199,0.008,0.003,14,3
"3598",3598,50,0.798701298701299,0.634020618556701,0.706896551724138,154,0.008,0.003,14,3
"3599",3599,51,0.76608187134503,0.675257731958763,0.717808219178082,171,0.008,0.003,14,3
"3600",3600,52,0.80952380952381,0.701030927835051,0.751381215469613,168,0.008,0.003,14,3
"3601",3601,53,0.74054054054054,0.70618556701031,0.722955145118733,185,0.008,0.003,14,3
"3602",3602,54,0.823899371069182,0.675257731958763,0.742209631728045,159,0.008,0.003,14,3
"3603",3603,55,0.777142857142857,0.701030927835051,0.737127371273713,175,0.008,0.003,14,3
"3604",3604,56,0.774725274725275,0.72680412371134,0.75,182,0.008,0.003,14,3
"3605",3605,57,0.767441860465116,0.680412371134021,0.721311475409836,172,0.008,0.003,14,3
"3606",3606,58,0.779761904761905,0.675257731958763,0.723756906077348,168,0.008,0.003,14,3
"3607",3607,59,0.823529411764706,0.721649484536082,0.769230769230769,170,0.008,0.003,14,3
"3608",3608,60,0.747311827956989,0.716494845360825,0.73157894736842,186,0.008,0.003,14,3
"3609",3609,61,0.812903225806452,0.649484536082474,0.722063037249284,155,0.008,0.003,14,3
"3610",3610,62,0.781818181818182,0.664948453608247,0.718662952646239,165,0.008,0.003,14,3
"3611",3611,63,0.776470588235294,0.680412371134021,0.725274725274725,170,0.008,0.003,14,3
"3612",3612,64,0.726190476190476,0.628865979381443,0.67403314917127,168,0.008,0.003,14,3
"3613",3613,65,0.791907514450867,0.70618556701031,0.746594005449591,173,0.008,0.003,14,3
"3614",3614,66,0.791666666666667,0.685567010309278,0.734806629834254,168,0.008,0.003,14,3
"3615",3615,67,0.789473684210526,0.695876288659794,0.73972602739726,171,0.008,0.003,14,3
"3616",3616,68,0.783132530120482,0.670103092783505,0.722222222222222,166,0.008,0.003,14,3
"3617",3617,69,0.775862068965517,0.695876288659794,0.733695652173913,174,0.008,0.003,14,3
"3618",3618,70,0.84,0.649484536082474,0.732558139534884,150,0.008,0.003,14,3
"3619",3619,71,0.81132075471698,0.664948453608247,0.730878186968839,159,0.008,0.003,14,3
"3620",3620,72,0.851063829787234,0.618556701030928,0.716417910447761,141,0.008,0.003,14,3
"3621",3621,73,0.834394904458599,0.675257731958763,0.746438746438747,157,0.008,0.003,14,3
"3622",3622,74,0.744565217391304,0.70618556701031,0.724867724867725,184,0.008,0.003,14,3
"3623",3623,75,0.810650887573965,0.70618556701031,0.754820936639118,169,0.008,0.003,14,3
"3624",3624,76,0.790123456790123,0.65979381443299,0.719101123595506,162,0.008,0.003,14,3
"3625",3625,77,0.773480662983425,0.721649484536082,0.746666666666667,181,0.008,0.003,14,3
"3626",3626,78,0.781420765027322,0.737113402061856,0.758620689655172,183,0.008,0.003,14,3
"3627",3627,79,0.767441860465116,0.680412371134021,0.721311475409836,172,0.008,0.003,14,3
"3628",3628,80,0.825,0.680412371134021,0.745762711864407,160,0.008,0.003,14,3
"3629",3629,81,0.771739130434783,0.731958762886598,0.751322751322751,184,0.008,0.003,14,3
"3630",3630,82,0.80503144654088,0.65979381443299,0.725212464589235,159,0.008,0.003,14,3
"3631",3631,83,0.780898876404494,0.716494845360825,0.747311827956989,178,0.008,0.003,14,3
"3632",3632,84,0.790697674418605,0.701030927835051,0.743169398907104,172,0.008,0.003,14,3
"3633",3633,85,0.822368421052632,0.644329896907217,0.722543352601156,152,0.008,0.003,14,3
"3634",3634,86,0.754285714285714,0.680412371134021,0.715447154471545,175,0.008,0.003,14,3
"3635",3635,87,0.81578947368421,0.639175257731959,0.716763005780347,152,0.008,0.003,14,3
"3636",3636,88,0.777777777777778,0.721649484536082,0.748663101604278,180,0.008,0.003,14,3
"3637",3637,89,0.783625730994152,0.690721649484536,0.734246575342466,171,0.008,0.003,14,3
"3638",3638,90,0.781818181818182,0.664948453608247,0.718662952646239,165,0.008,0.003,14,3
"3639",3639,91,0.810975609756098,0.685567010309278,0.743016759776536,164,0.008,0.003,14,3
"3640",3640,92,0.8,0.65979381443299,0.72316384180791,160,0.008,0.003,14,3
"3641",3641,93,0.83132530120482,0.711340206185567,0.766666666666667,166,0.008,0.003,14,3
"3642",3642,94,0.785714285714286,0.680412371134021,0.729281767955801,168,0.008,0.003,14,3
"3643",3643,95,0.715025906735751,0.711340206185567,0.713178294573643,193,0.008,0.003,14,3
"3644",3644,96,0.744565217391304,0.70618556701031,0.724867724867725,184,0.008,0.003,14,3
"3645",3645,97,0.775956284153005,0.731958762886598,0.753315649867374,183,0.008,0.003,14,3
"3646",3646,98,0.748717948717949,0.752577319587629,0.750642673521851,195,0.008,0.003,14,3
"3647",3647,99,0.818181818181818,0.649484536082474,0.724137931034483,154,0.008,0.003,14,3
"3648",3648,100,0.759358288770054,0.731958762886598,0.745406824146982,187,0.008,0.003,14,3
"4149",4149,1,0.795454545454545,0.721649484536082,0.756756756756757,176,0.008,0.003,16,3
"4150",4150,2,0.752941176470588,0.65979381443299,0.703296703296703,170,0.008,0.003,16,3
"4151",4151,3,0.791666666666667,0.685567010309278,0.734806629834254,168,0.008,0.003,16,3
"4152",4152,4,0.757062146892655,0.690721649484536,0.722371967654986,177,0.008,0.003,16,3
"4153",4153,5,0.773480662983425,0.721649484536082,0.746666666666667,181,0.008,0.003,16,3
"4154",4154,6,0.791907514450867,0.70618556701031,0.746594005449591,173,0.008,0.003,16,3
"4155",4155,7,0.810975609756098,0.685567010309278,0.743016759776536,164,0.008,0.003,16,3
"4156",4156,8,0.784431137724551,0.675257731958763,0.725761772853186,167,0.008,0.003,16,3
"4157",4157,9,0.771428571428571,0.695876288659794,0.73170731707317,175,0.008,0.003,16,3
"4158",4158,10,0.790419161676647,0.680412371134021,0.731301939058172,167,0.008,0.003,16,3
"4159",4159,11,0.763736263736264,0.716494845360825,0.73936170212766,182,0.008,0.003,16,3
"4160",4160,12,0.754010695187166,0.72680412371134,0.740157480314961,187,0.008,0.003,16,3
"4161",4161,13,0.752808988764045,0.690721649484536,0.720430107526882,178,0.008,0.003,16,3
"4162",4162,14,0.764367816091954,0.685567010309278,0.722826086956522,174,0.008,0.003,16,3
"4163",4163,15,0.737430167597765,0.680412371134021,0.707774798927614,179,0.008,0.003,16,3
"4164",4164,16,0.728723404255319,0.70618556701031,0.717277486910995,188,0.008,0.003,16,3
"4165",4165,17,0.76271186440678,0.695876288659794,0.727762803234501,177,0.008,0.003,16,3
"4166",4166,18,0.76536312849162,0.70618556701031,0.734584450402145,179,0.008,0.003,16,3
"4167",4167,19,0.810810810810811,0.618556701030928,0.701754385964912,148,0.008,0.003,16,3
"4168",4168,20,0.801204819277108,0.685567010309278,0.738888888888889,166,0.008,0.003,16,3
"4169",4169,21,0.79245283018868,0.649484536082474,0.713881019830028,159,0.008,0.003,16,3
"4170",4170,22,0.767567567567568,0.731958762886598,0.74934036939314,185,0.008,0.003,16,3
"4171",4171,23,0.78804347826087,0.747422680412371,0.767195767195767,184,0.008,0.003,16,3
"4172",4172,24,0.742268041237113,0.742268041237113,0.742268041237113,194,0.008,0.003,16,3
"4173",4173,25,0.773255813953488,0.685567010309278,0.726775956284153,172,0.008,0.003,16,3
"4174",4174,26,0.741293532338308,0.768041237113402,0.754430379746835,201,0.008,0.003,16,3
"4175",4175,27,0.780346820809249,0.695876288659794,0.735694822888283,173,0.008,0.003,16,3
"4176",4176,28,0.809815950920245,0.680412371134021,0.739495798319328,163,0.008,0.003,16,3
"4177",4177,29,0.779141104294479,0.654639175257732,0.711484593837535,163,0.008,0.003,16,3
"4178",4178,30,0.788235294117647,0.690721649484536,0.736263736263736,170,0.008,0.003,16,3
"4179",4179,31,0.780487804878049,0.65979381443299,0.715083798882681,164,0.008,0.003,16,3
"4180",4180,32,0.786163522012579,0.644329896907217,0.708215297450425,159,0.008,0.003,16,3
"4181",4181,33,0.792134831460674,0.72680412371134,0.758064516129032,178,0.008,0.003,16,3
"4182",4182,34,0.80379746835443,0.654639175257732,0.721590909090909,158,0.008,0.003,16,3
"4183",4183,35,0.771084337349398,0.65979381443299,0.711111111111111,166,0.008,0.003,16,3
"4184",4184,36,0.780898876404494,0.716494845360825,0.747311827956989,178,0.008,0.003,16,3
"4185",4185,37,0.790697674418605,0.701030927835051,0.743169398907104,172,0.008,0.003,16,3
"4186",4186,38,0.774193548387097,0.742268041237113,0.757894736842105,186,0.008,0.003,16,3
"4187",4187,39,0.805555555555556,0.597938144329897,0.686390532544379,144,0.008,0.003,16,3
"4188",4188,40,0.782608695652174,0.649484536082474,0.709859154929578,161,0.008,0.003,16,3
"4189",4189,41,0.761658031088083,0.757731958762887,0.75968992248062,193,0.008,0.003,16,3
"4190",4190,42,0.801169590643275,0.70618556701031,0.75068493150685,171,0.008,0.003,16,3
"4191",4191,43,0.752747252747253,0.70618556701031,0.728723404255319,182,0.008,0.003,16,3
"4192",4192,44,0.76219512195122,0.644329896907217,0.698324022346369,164,0.008,0.003,16,3
"4193",4193,45,0.830188679245283,0.680412371134021,0.747875354107649,159,0.008,0.003,16,3
"4194",4194,46,0.790055248618785,0.737113402061856,0.762666666666667,181,0.008,0.003,16,3
"4195",4195,47,0.76595744680851,0.742268041237113,0.75392670157068,188,0.008,0.003,16,3
"4196",4196,48,0.752873563218391,0.675257731958763,0.71195652173913,174,0.008,0.003,16,3
"4197",4197,49,0.891304347826087,0.634020618556701,0.740963855421687,138,0.008,0.003,16,3
"4198",4198,50,0.755555555555556,0.701030927835051,0.727272727272727,180,0.008,0.003,16,3
"4199",4199,51,0.759358288770054,0.731958762886598,0.745406824146982,187,0.008,0.003,16,3
"4200",4200,52,0.76243093922652,0.711340206185567,0.736,181,0.008,0.003,16,3
"4201",4201,53,0.767441860465116,0.680412371134021,0.721311475409836,172,0.008,0.003,16,3
"4202",4202,54,0.743169398907104,0.701030927835051,0.721485411140583,183,0.008,0.003,16,3
"4203",4203,55,0.781818181818182,0.664948453608247,0.718662952646239,165,0.008,0.003,16,3
"4204",4204,56,0.790419161676647,0.680412371134021,0.731301939058172,167,0.008,0.003,16,3
"4205",4205,57,0.772727272727273,0.701030927835051,0.735135135135135,176,0.008,0.003,16,3
"4206",4206,58,0.847133757961783,0.685567010309278,0.757834757834758,157,0.008,0.003,16,3
"4207",4207,59,0.772972972972973,0.737113402061856,0.754617414248021,185,0.008,0.003,16,3
"4208",4208,60,0.780346820809249,0.695876288659794,0.735694822888283,173,0.008,0.003,16,3
"4209",4209,61,0.830065359477124,0.654639175257732,0.731988472622478,153,0.008,0.003,16,3
"4210",4210,62,0.748633879781421,0.70618556701031,0.726790450928382,183,0.008,0.003,16,3
"4211",4211,63,0.728723404255319,0.70618556701031,0.717277486910995,188,0.008,0.003,16,3
"4212",4212,64,0.768817204301075,0.737113402061856,0.752631578947368,186,0.008,0.003,16,3
"4213",4213,65,0.759776536312849,0.701030927835051,0.729222520107239,179,0.008,0.003,16,3
"4214",4214,66,0.796407185628742,0.685567010309278,0.736842105263158,167,0.008,0.003,16,3
"4215",4215,67,0.786585365853659,0.664948453608247,0.720670391061452,164,0.008,0.003,16,3
"4216",4216,68,0.790697674418605,0.701030927835051,0.743169398907104,172,0.008,0.003,16,3
"4217",4217,69,0.801169590643275,0.70618556701031,0.75068493150685,171,0.008,0.003,16,3
"4218",4218,70,0.76243093922652,0.711340206185567,0.736,181,0.008,0.003,16,3
"4219",4219,71,0.76878612716763,0.685567010309278,0.724795640326976,173,0.008,0.003,16,3
"4220",4220,72,0.76842105263158,0.752577319587629,0.760416666666667,190,0.008,0.003,16,3
"4221",4221,73,0.791411042944785,0.664948453608247,0.722689075630252,163,0.008,0.003,16,3
"4222",4222,74,0.770588235294118,0.675257731958763,0.71978021978022,170,0.008,0.003,16,3
"4223",4223,75,0.771428571428571,0.695876288659794,0.73170731707317,175,0.008,0.003,16,3
"4224",4224,76,0.75,0.711340206185567,0.73015873015873,184,0.008,0.003,16,3
"4225",4225,77,0.796610169491525,0.72680412371134,0.76010781671159,177,0.008,0.003,16,3
"4226",4226,78,0.766467065868264,0.65979381443299,0.709141274238227,167,0.008,0.003,16,3
"4227",4227,79,0.731958762886598,0.731958762886598,0.731958762886598,194,0.008,0.003,16,3
"4228",4228,80,0.804597701149425,0.721649484536082,0.760869565217391,174,0.008,0.003,16,3
"4229",4229,81,0.786585365853659,0.664948453608247,0.720670391061452,164,0.008,0.003,16,3
"4230",4230,82,0.748633879781421,0.70618556701031,0.726790450928382,183,0.008,0.003,16,3
"4231",4231,83,0.798780487804878,0.675257731958763,0.731843575418994,164,0.008,0.003,16,3
"4232",4232,84,0.75,0.757731958762887,0.753846153846154,196,0.008,0.003,16,3
"4233",4233,85,0.820809248554913,0.731958762886598,0.773841961852861,173,0.008,0.003,16,3
"4234",4234,86,0.736842105263158,0.721649484536082,0.729166666666667,190,0.008,0.003,16,3
"4235",4235,87,0.733333333333333,0.680412371134021,0.705882352941177,180,0.008,0.003,16,3
"4236",4236,88,0.774566473988439,0.690721649484536,0.73024523160763,173,0.008,0.003,16,3
"4237",4237,89,0.824675324675325,0.654639175257732,0.729885057471264,154,0.008,0.003,16,3
"4238",4238,90,0.755681818181818,0.685567010309278,0.718918918918919,176,0.008,0.003,16,3
"4239",4239,91,0.745945945945946,0.711340206185567,0.728232189973615,185,0.008,0.003,16,3
"4240",4240,92,0.785714285714286,0.737113402061856,0.76063829787234,182,0.008,0.003,16,3
"4241",4241,93,0.792899408284024,0.690721649484536,0.738292011019284,169,0.008,0.003,16,3
"4242",4242,94,0.792682926829268,0.670103092783505,0.726256983240223,164,0.008,0.003,16,3
"4243",4243,95,0.74869109947644,0.737113402061856,0.742857142857143,191,0.008,0.003,16,3
"4244",4244,96,0.807228915662651,0.690721649484536,0.744444444444444,166,0.008,0.003,16,3
"4245",4245,97,0.777173913043478,0.737113402061856,0.756613756613757,184,0.008,0.003,16,3
"4246",4246,98,0.774725274725275,0.72680412371134,0.75,182,0.008,0.003,16,3
"4247",4247,99,0.751445086705202,0.670103092783505,0.708446866485014,173,0.008,0.003,16,3
"4248",4248,100,0.769662921348315,0.70618556701031,0.736559139784946,178,0.008,0.003,16,3
"4849",4849,1,0.798780487804878,0.675257731958763,0.731843575418994,164,0.008,0.003,20,4
"4850",4850,2,0.838709677419355,0.670103092783505,0.744985673352436,155,0.008,0.003,20,4
"4851",4851,3,0.773255813953488,0.685567010309278,0.726775956284153,172,0.008,0.003,20,4
"4852",4852,4,0.806451612903226,0.644329896907217,0.716332378223496,155,0.008,0.003,20,4
"4853",4853,5,0.788819875776398,0.654639175257732,0.715492957746479,161,0.008,0.003,20,4
"4854",4854,6,0.816993464052288,0.644329896907217,0.720461095100865,153,0.008,0.003,20,4
"4855",4855,7,0.760233918128655,0.670103092783505,0.712328767123288,171,0.008,0.003,20,4
"4856",4856,8,0.838709677419355,0.670103092783505,0.744985673352436,155,0.008,0.003,20,4
"4857",4857,9,0.812903225806452,0.649484536082474,0.722063037249284,155,0.008,0.003,20,4
"4858",4858,10,0.779661016949153,0.711340206185567,0.743935309973046,177,0.008,0.003,20,4
"4859",4859,11,0.765714285714286,0.690721649484536,0.726287262872629,175,0.008,0.003,20,4
"4860",4860,12,0.803680981595092,0.675257731958763,0.733893557422969,163,0.008,0.003,20,4
"4861",4861,13,0.7625,0.628865979381443,0.689265536723164,160,0.008,0.003,20,4
"4862",4862,14,0.859154929577465,0.628865979381443,0.726190476190476,142,0.008,0.003,20,4
"4863",4863,15,0.775641025641026,0.623711340206186,0.691428571428572,156,0.008,0.003,20,4
"4864",4864,16,0.801136363636364,0.72680412371134,0.762162162162162,176,0.008,0.003,20,4
"4865",4865,17,0.764044943820225,0.701030927835051,0.731182795698925,178,0.008,0.003,20,4
"4866",4866,18,0.77710843373494,0.664948453608247,0.716666666666667,166,0.008,0.003,20,4
"4867",4867,19,0.786585365853659,0.664948453608247,0.720670391061452,164,0.008,0.003,20,4
"4868",4868,20,0.815286624203822,0.65979381443299,0.72934472934473,157,0.008,0.003,20,4
"4869",4869,21,0.826923076923077,0.664948453608247,0.737142857142857,156,0.008,0.003,20,4
"4870",4870,22,0.770588235294118,0.675257731958763,0.71978021978022,170,0.008,0.003,20,4
"4871",4871,23,0.789156626506024,0.675257731958763,0.727777777777778,166,0.008,0.003,20,4
"4872",4872,24,0.828947368421053,0.649484536082474,0.728323699421965,152,0.008,0.003,20,4
"4873",4873,25,0.807453416149068,0.670103092783505,0.732394366197183,161,0.008,0.003,20,4
"4874",4874,26,0.8,0.65979381443299,0.72316384180791,160,0.008,0.003,20,4
"4875",4875,27,0.80392156862745,0.634020618556701,0.70893371757925,153,0.008,0.003,20,4
"4876",4876,28,0.842465753424658,0.634020618556701,0.723529411764706,146,0.008,0.003,20,4
"4877",4877,29,0.79375,0.654639175257732,0.717514124293785,160,0.008,0.003,20,4
"4878",4878,30,0.789808917197452,0.639175257731959,0.706552706552707,157,0.008,0.003,20,4
"4879",4879,31,0.842767295597484,0.690721649484536,0.759206798866856,159,0.008,0.003,20,4
"4880",4880,32,0.80921052631579,0.634020618556701,0.710982658959538,152,0.008,0.003,20,4
"4881",4881,33,0.823529411764706,0.649484536082474,0.726224783861671,153,0.008,0.003,20,4
"4882",4882,34,0.786127167630058,0.701030927835051,0.741144414168937,173,0.008,0.003,20,4
"4883",4883,35,0.814814814814815,0.680412371134021,0.741573033707865,162,0.008,0.003,20,4
"4884",4884,36,0.822085889570552,0.690721649484536,0.750700280112045,163,0.008,0.003,20,4
"4885",4885,37,0.814814814814815,0.680412371134021,0.741573033707865,162,0.008,0.003,20,4
"4886",4886,38,0.777142857142857,0.701030927835051,0.737127371273713,175,0.008,0.003,20,4
"4887",4887,39,0.779761904761905,0.675257731958763,0.723756906077348,168,0.008,0.003,20,4
"4888",4888,40,0.805194805194805,0.639175257731959,0.71264367816092,154,0.008,0.003,20,4
"4889",4889,41,0.789473684210526,0.695876288659794,0.73972602739726,171,0.008,0.003,20,4
"4890",4890,42,0.797619047619048,0.690721649484536,0.740331491712707,168,0.008,0.003,20,4
"4891",4891,43,0.7953216374269,0.701030927835051,0.745205479452055,171,0.008,0.003,20,4
"4892",4892,44,0.81045751633987,0.639175257731959,0.714697406340058,153,0.008,0.003,20,4
"4893",4893,45,0.829113924050633,0.675257731958763,0.744318181818182,158,0.008,0.003,20,4
"4894",4894,46,0.785276073619632,0.65979381443299,0.717086834733894,163,0.008,0.003,20,4
"4895",4895,47,0.770114942528736,0.690721649484536,0.728260869565217,174,0.008,0.003,20,4
"4896",4896,48,0.77906976744186,0.690721649484536,0.73224043715847,172,0.008,0.003,20,4
"4897",4897,49,0.773584905660377,0.634020618556701,0.696883852691218,159,0.008,0.003,20,4
"4898",4898,50,0.837837837837838,0.639175257731959,0.72514619883041,148,0.008,0.003,20,4
"4899",4899,51,0.81132075471698,0.664948453608247,0.730878186968839,159,0.008,0.003,20,4
"4900",4900,52,0.798701298701299,0.634020618556701,0.706896551724138,154,0.008,0.003,20,4
"4901",4901,53,0.815950920245399,0.685567010309278,0.745098039215686,163,0.008,0.003,20,4
"4902",4902,54,0.779141104294479,0.654639175257732,0.711484593837535,163,0.008,0.003,20,4
"4903",4903,55,0.787878787878788,0.670103092783505,0.724233983286908,165,0.008,0.003,20,4
"4904",4904,56,0.80379746835443,0.654639175257732,0.721590909090909,158,0.008,0.003,20,4
"4905",4905,57,0.774390243902439,0.654639175257732,0.709497206703911,164,0.008,0.003,20,4
"4906",4906,58,0.791666666666667,0.685567010309278,0.734806629834254,168,0.008,0.003,20,4
"4907",4907,59,0.832214765100671,0.639175257731959,0.723032069970845,149,0.008,0.003,20,4
"4908",4908,60,0.808641975308642,0.675257731958763,0.735955056179775,162,0.008,0.003,20,4
"4909",4909,61,0.775,0.639175257731959,0.700564971751412,160,0.008,0.003,20,4
"4910",4910,62,0.808383233532934,0.695876288659794,0.74792243767313,167,0.008,0.003,20,4
"4911",4911,63,0.80952380952381,0.701030927835051,0.751381215469613,168,0.008,0.003,20,4
"4912",4912,64,0.782608695652174,0.649484536082474,0.709859154929578,161,0.008,0.003,20,4
"4913",4913,65,0.822784810126582,0.670103092783505,0.738636363636364,158,0.008,0.003,20,4
"4914",4914,66,0.807453416149068,0.670103092783505,0.732394366197183,161,0.008,0.003,20,4
"4915",4915,67,0.796296296296296,0.664948453608247,0.724719101123596,162,0.008,0.003,20,4
"4916",4916,68,0.786585365853659,0.664948453608247,0.720670391061452,164,0.008,0.003,20,4
"4917",4917,69,0.793548387096774,0.634020618556701,0.70487106017192,155,0.008,0.003,20,4
"4918",4918,70,0.816568047337278,0.711340206185567,0.760330578512397,169,0.008,0.003,20,4
"4919",4919,71,0.830065359477124,0.654639175257732,0.731988472622478,153,0.008,0.003,20,4
"4920",4920,72,0.772455089820359,0.664948453608247,0.714681440443213,167,0.008,0.003,20,4
"4921",4921,73,0.792899408284024,0.690721649484536,0.738292011019284,169,0.008,0.003,20,4
"4922",4922,74,0.780487804878049,0.65979381443299,0.715083798882681,164,0.008,0.003,20,4
"4923",4923,75,0.823529411764706,0.649484536082474,0.726224783861671,153,0.008,0.003,20,4
"4924",4924,76,0.760233918128655,0.670103092783505,0.712328767123288,171,0.008,0.003,20,4
"4925",4925,77,0.786585365853659,0.664948453608247,0.720670391061452,164,0.008,0.003,20,4
"4926",4926,78,0.78021978021978,0.731958762886598,0.75531914893617,182,0.008,0.003,20,4
"4927",4927,79,0.773255813953488,0.685567010309278,0.726775956284153,172,0.008,0.003,20,4
"4928",4928,80,0.789473684210526,0.695876288659794,0.73972602739726,171,0.008,0.003,20,4
"4929",4929,81,0.79375,0.654639175257732,0.717514124293785,160,0.008,0.003,20,4
"4930",4930,82,0.810975609756098,0.685567010309278,0.743016759776536,164,0.008,0.003,20,4
"4931",4931,83,0.797546012269939,0.670103092783505,0.72829131652661,163,0.008,0.003,20,4
"4932",4932,84,0.773255813953488,0.685567010309278,0.726775956284153,172,0.008,0.003,20,4
"4933",4933,85,0.80392156862745,0.634020618556701,0.70893371757925,153,0.008,0.003,20,4
"4934",4934,86,0.801242236024845,0.664948453608247,0.726760563380282,161,0.008,0.003,20,4
"4935",4935,87,0.81045751633987,0.639175257731959,0.714697406340058,153,0.008,0.003,20,4
"4936",4936,88,0.81132075471698,0.664948453608247,0.730878186968839,159,0.008,0.003,20,4
"4937",4937,89,0.79054054054054,0.603092783505155,0.68421052631579,148,0.008,0.003,20,4
"4938",4938,90,0.810344827586207,0.72680412371134,0.766304347826087,174,0.008,0.003,20,4
"4939",4939,91,0.794285714285714,0.716494845360825,0.753387533875339,175,0.008,0.003,20,4
"4940",4940,92,0.80379746835443,0.654639175257732,0.721590909090909,158,0.008,0.003,20,4
"4941",4941,93,0.791907514450867,0.70618556701031,0.746594005449591,173,0.008,0.003,20,4
"4942",4942,94,0.823899371069182,0.675257731958763,0.742209631728045,159,0.008,0.003,20,4
"4943",4943,95,0.819354838709677,0.654639175257732,0.727793696275072,155,0.008,0.003,20,4
"4944",4944,96,0.849673202614379,0.670103092783505,0.749279538904899,153,0.008,0.003,20,4
"4945",4945,97,0.801242236024845,0.664948453608247,0.726760563380282,161,0.008,0.003,20,4
"4946",4946,98,0.819875776397516,0.680412371134021,0.743661971830986,161,0.008,0.003,20,4
"4947",4947,99,0.775280898876405,0.711340206185567,0.741935483870968,178,0.008,0.003,20,4
"4948",4948,100,0.848684210526316,0.664948453608247,0.745664739884393,152,0.008,0.003,20,4
